Global_ID,Plot,ENTRY,REP,IBLK,Rng,Pas,Name,Identity1,Pedigree,Trial,Origin,Selection,Description1,Year,Location,Planter,Harvester,PLOTWT,MOIST,FLWR,HT,LDG,MTR,DS,P_FT,NOTES,yield,CBB,DD,SDWT2,StandCount_gr,boxes_gt,pred_count_01,boxes_gt_10m_6_13_22,pred_count_7m_6_10_22,plant_pop_total,avg_dist_plot,2pl_plot,gap_plant_plot
2201_1001,1001,31,1,1,1,3,B21707,NA,B15430/B16504,2201,18B217-09-04,20T2288,18A0217-18L216-18-19T507-19T1227-20T2288,2022,SVREC,27,3,1251.94,21.02,47,45,2,101,5,16,NA,21.73,1,2,21.36,136,114,94,85,63,114,9.079145258,6,12
2201_1002,1002,30,1,1,1,4,B21717,NA,B16504/B17106,2201,18B236-07-02,20T2393,18A0236-18L233-18-19T628-19T1291-20T2393,2022,SVREC,52,4,1079.57,20.94,47,41,1,101,5,16,NA,18.76,1,2,20.96,158,119,106,107,76,119,8.512013794,7,11
2201_1003,1003,8,1,1,1,5,B20597,NA,B16506/B15430,2201,18B261-02-01,19-20T817,18A0261-18L257-18-19T771-19T1361-19-20T817,2022,SVREC,53,5,1056.89,20.49,48,46,2,99,4,16,NA,18.47,1,2,24.58,153,128,120,107,76,128,8.288465749,9,7
2201_1004,1004,1,1,1,1,6,B20536,NA,B15430/B16504,2201,18B217-10-02,19-20T626,18A0217-18L216-18-19T508-19T1228-19-20T626,2022,SVREC,78,6,1315.44,21.08,48,51,2,102,6,16,NA,22.82,1,3,20.9,145,128,118,106,82,128,8.178971766,6,8
2201_1005,1005,24,1,1,1,7,B21710,NA,B16501/B15430,2201,18B227-08-03,20T2317,18A0227-18L224-18-19T570-19T1259-20T2317,2022,SVREC,79,7,1446.98,19.8,47,44,2,101,5,16,NA,25.51,1,3,22.39,138,131,109,103,62,131,8.057434288,10,11
2201_1006,1006,23,1,1,1,8,B04554,ZORRO,"B00103*/X00822, ZORRO",2201,01B008 -04-01-06,NA,NA,2022,SVREC,104,8,938.95,18.67,47,47,3,101,3,16,NA,16.79,1,4,19.45,114,100,103,85,46,100,8.852670608,8,16
2201_1007,1007,15,1,2,2,3,B19332,NA,B16501/B15464,2201,17B238-02-02,18-19T1098,17A0238-17L253-17-18T732-18T1262-18-19T1098,2022,SVREC,28,398,1075.03,20.98,47,35,1,98,4,16,NA,18.67,1,1,23.29,148,131,112,110,68,131,7.168673663,30,8
2201_1008,1008,7,1,2,2,4,B19344,NA,B16506/B16507,2201,17B247-01-04,18-19T1121,17A0247-17L268-17-18T786-18T1277-18-19T1121,2022,SVREC,51,397,1206.58,20.51,46,40,1,101,4,16,NA,21.08,1,2,23.77,126,111,92,94,54,111,8.484072169,8,11
2201_1009,1009,26,1,2,2,5,B21714,NA,B16501/B16504,2201,18B228-07-05,20T2336,18A0228-18L225-18-19T579-19T1264-20T2336,2022,SVREC,54,396,1088.64,20.45,48,42,1,100,5,16,NA,19.04,1,1,23.34,154,138,116,108,71,138,7.415865075,17,8
2201_1010,1010,28,1,2,2,6,B21724,NA,B17996/B17540,2201,18B344-01-05,20T2585,18A0344-18L337-18-19T998-19T1463-20T2585,2022,SVREC,77,395,1183.9,19.79,49,43,3,102,4,16,NA,20.87,1,3,19.92,145,115,97,86,59,115,8.556884749,13,9
2201_1011,1011,29,1,2,2,7,B21713,NA,B16501/B16504,2201,18B228-06-03,20T2328,18A0228-18L225-18-19T578-19T1263-20T2328,2022,SVREC,80,394,1356.26,20.14,47,46,2,101,4,16,NA,23.81,1,3,23.22,150,131,106,114,67,131,7.840926532,12,4
2201_1012,1012,2,1,2,2,8,B20599,NA,B16506/B15430,2201,18B261-03-01,19-20T821,18A0261-18L257-18-19T772-19T1362-19-20T821,2022,SVREC,103,393,1111.32,20.56,49,35,2,98,4,16,NA,19.41,1,3,21.28,147,127,118,105,69,127,8.229150475,6,6
2201_1013,1013,5,1,3,3,3,B20590,NA,B16505/B16504,2201,18B252-06-01,19-20T787,18A0252-18L248-18-19T727-19T1341-19-20T787,2022,SVREC,29,403,666.79,18.23,47,40,1,96,3,16,NA,11.98,5,2,24.76,156,132,103,102,80,132,7.354618812,10,6
2201_1014,1014,12,1,3,3,4,B20602,NA,B16506/B16504,2201,18B262-05-02,19-20T827,18A0262-18L258-18-19T781-19T1366-19-20T827,2022,SVREC,50,404,1270.08,20.1,47,44,1,95,3,16,NA,22.31,1,1,27,155,111,100,102,74,111,9.299094952,0,17
2201_1015,1015,3,1,3,3,5,B20591,NA,B16505/B16504,2201,18B252-06-02,19-20T788,18A0252-18L248-18-19T727-19T1341-19-20T788,2022,SVREC,55,405,1446.98,20.39,48,37,1,97,4,16,NA,25.32,1,1,24.41,155,118,104,101,83,118,8.256686699,8,9
2201_1016,1016,32,1,3,3,6,B21706,NA,B15430/B16504,2201,18B217-07-06,20T2277,18A0217-18L216-18-19T505-19T1225-20T2277,2022,SVREC,76,406,1601.21,20.56,50,40,2,101,5,16,NA,27.96,1,1,24.14,137,121,107,100,76,121,8.818294493,8,15
2201_1017,1017,6,1,3,3,7,B19309,NA,B15414/B16504,2201,17B208-04-02,18-19T1054,17A0208-17L224-17-18T599-18T1223-18-19T1054,2022,SVREC,81,407,1401.62,20.03,49,32,1,101,5,16,NA,24.64,1,1,23.38,163,143,108,92,60,143,7.389394909,17,6
2201_1018,1018,10,1,3,3,8,B20549,NA,B16501/B16504,2201,18B228-10-01,19-20T673,18A0228-18L225-18-19T582-19T1266-19-20T673,2022,SVREC,102,408,1365.34,20.09,48,35,3,95,4,16,NA,23.98,1,2,26.32,150,130,104,95,79,130,8.046070305,6,6
2201_1019,1019,35,1,4,4,3,B21720,NA,B16505/B16504,2201,18B252-06-05,20T2457,18A0252-18L248-18-19T727-19T1341-20T2457,2022,SVREC,30,798,1075.03,21.62,47,30,1,96,4,16,NA,18.52,1,2,22.35,154,135,106,99,68,135,7.729183217,17,8
2201_1020,1020,4,1,4,4,4,B18504,ADAMS,"Zenith//Alpena*/B09197, ADAMS",2201,14B217-02-01-R,NA,14A0217-14L217-14-15T938-15T1117-15-16T41-R109,2022,SVREC,49,797,1378.94,20.92,49,43,2,98,4,16,NA,23.97,1,2,22.81,113,82,71,65,43,82,11.10706202,7,23
2201_1021,1021,17,1,4,4,5,B10244,ZENITH,"B04644/ZORRO, ZENITH",2201,08B118 -02-02,NA,NA,2022,SVREC,56,796,1156.68,20.76,47,31,1,98,4,16,NA,20.15,1,1,27.15,136,123,95,97,74,123,8.701678821,10,9
2201_1022,1022,33,1,4,4,6,B21715,NA,B16501/B16504,2201,18B228-07-06,20T2337,18A0228-18L225-18-19T579-19T1264-20T2337,2022,SVREC,75,795,1406.16,20.41,49,37,1,98,4,16,NA,24.6,1,1,23.14,139,126,97,93,59,126,8.201711144,18,17
2201_1023,1023,18,1,4,4,7,B20542,NA,B16501/B15430,2201,18B227-08-02,19-20T650,18A0227-18L224-18-19T570-19T1259-19-20T650,2022,SVREC,82,794,1292.76,20.26,47,37,1,97,4,16,NA,22.66,1,1,26.15,155,141,113,100,72,141,7.173379329,22,4
2201_1024,1024,19,1,4,4,8,B20616,NA,B17106/B17259,2201,18B274-01-05,19-20T850,18A0274-18L268-18-19T816-19T1384-19-20T850,2022,SVREC,101,793,1034.21,20.44,47,47,1,101,5,16,NA,18.09,3,1,21.9,153,117,113,97,59,117,8.584264009,5,9
2201_1025,1025,36,1,5,5,3,B21705,NA,B14302/B15430,2201,18B211-05-07,20T2264,18A0211-18L210-18-19T472-19T1209-20T2264,2022,SVREC,31,803,1324.51,20.3,49,47,2,102,6,16,NA,23.2,1,3,24.11,162,139,114,114,75,139,7.619527675,9,5
2201_1026,1026,9,1,5,5,4,B20538,NA,B15430/B16504,2201,18B217-12-02,19-20T631,18A0217-18L216-18-19T510-19T1229-19-20T631,2022,SVREC,48,804,1106.78,20.56,49,37,2,101,5,16,NA,19.33,1,2,23.08,145,114,97,90,67,114,8.483447628,6,9
2201_1027,1027,22,1,5,5,5,I19703,BLACK BEARD,"BL14506, BLACK BEARD",2201,"Provita, BL14506",NA,BLK,2022,SVREC,57,805,1016.06,19.67,48,57,2,102,5,16,NA,17.94,1,4,26.59,136,100,88,87,66,100,10.52435653,1,18
2201_1028,1028,13,1,5,5,6,B20532,NA,B15430/B16504,2201,18B217-08-02,19-20T616,18A0217-18L216-18-19T506-19T1226-19-20T616,2022,SVREC,74,806,1446.98,20.02,49,39,2,102,5,16,NA,25.44,1,2,22.36,138,114,91,89,68,114,8.827425059,14,15
2201_1029,1029,27,1,5,5,7,B21712,NA,B16501/B16504,2201,18B228-03-05,20T2325,18A0228-18L225-18-19T575-19T1262-20T2325,2022,SVREC,83,807,1220.18,20.28,48,44,2,98,4,16,NA,21.38,1,2,24.37,149,128,105,105,68,128,8.180750876,7,10
2201_1030,1030,34,1,5,5,8,B21711,NA,B16501/B15430,2201,18B227-08-06,20T2320,18A0227-18L224-18-19T570-19T1259-20T2320,2022,SVREC,100,808,1274.62,19.43,48,40,1,98,4,16,NA,22.57,1,1,26.65,132,118,103,94,63,118,8.400732706,9,11
2201_1031,1031,16,1,6,6,3,B19340,NA,B16507/B15453,2201,17B249-03-03,18-19T1111,17A0249-17L262-17-18T771-18T1270-18-19T1111,2022,SVREC,32,1198,1102.25,19.5,49,36,1,101,5,16,NA,19.5,1,2,24.73,127,110,91,86,57,110,8.373839357,10,10
2201_1032,1032,11,1,6,6,4,B20639,NA,B17730/B15430,2201,18B329-08-01,19-20T903,18A0329-18L322-18-19T980-19T1455-19-20T903,2022,SVREC,47,1197,1338.12,20.38,48,45,2,102,7,16,NA,23.42,1,3,23.8,137,125,94,94,62,125,9.082031588,12,16
2201_1033,1033,25,1,6,6,5,B21708,NA,B15430/B16504,2201,18B217-09-05,20T2289,18A0217-18L216-18-19T507-19T1227-20T2289,2022,SVREC,58,1196,938.95,18.89,47,33,2,101,5,16,NA,16.74,1,2,24.02,141,125,86,87,63,124,8.335846177,16,12
2201_1034,1034,14,1,6,6,6,B20617,NA,B17106/N14218,2201,18B280-01-01,19-20T851,18A0280-18L274-18-19T827-19T1390-19-20T851,2022,SVREC,73,1195,1215.65,20.17,47,44,1,98,5,16,NA,21.33,1,1,22.92,148,138,113,110,73,138,7.755195895,17,9
2201_1035,1035,20,1,6,6,7,B20547,NA,B16501/B16504,2201,18B228-07-01,19-20T666,18A0228-18L225-18-19T579-19T1264-19-20T666,2022,SVREC,84,1194,1397.09,19.06,48,34,1,101,4,16,NA,24.86,1,2,24.82,147,128,104,103,64,128,7.878042948,12,9
2201_1036,1036,21,1,6,6,8,I21901,NIMBUS,"BL14500, NIMBUS",2201,PROVITA,NA,BLK,2022,SVREC,99,1193,1084.1,20.19,52,56,3,103,4,16,NA,19.02,1,4,25.16,75,66,59,53,32,66,12.69646408,3,25
2201_2001,2001,9,2,1,1,9,B20538,NA,B15430/B16504,2201,18B217-12-02,19-20T631,18A0217-18L216-18-19T510-19T1229-19-20T631,2022,SVREC,105,9,1465.13,20.63,48,60,3,101,4,16,NA,25.56,1,4,24.16,146,132,113,111,79,132,7.93777472,10,10
2201_2002,2002,23,2,1,1,10,B04554,ZORRO,"B00103*/X00822, ZORRO",2201,01B008 -04-01-06,NA,NA,2022,SVREC,130,10,1056.89,19.52,47,42,3,101,4,16,NA,18.7,1,4,21.57,126,103,90,95,55,103,9.035266499,5,14
2201_2003,2003,3,2,1,1,11,B20591,NA,B16505/B16504,2201,18B252-06-02,19-20T788,18A0252-18L248-18-19T727-19T1341-19-20T788,2022,SVREC,131,11,993.38,19.43,47,44,2,100,4,16,NA,17.59,1,4,23.02,151,132,108,102,74,132,8.119702679,6,10
2201_2004,2004,20,2,1,1,12,B20547,NA,B16501/B16504,2201,18B228-07-01,19-20T666,18A0228-18L225-18-19T579-19T1264-19-20T666,2022,SVREC,156,12,1406.16,19.88,48,42,2,101,4,16,NA,24.76,1,3,22.7,163,132,118,107,72,132,7.991803965,10,9
2201_2005,2005,29,2,1,1,13,B21713,NA,B16501/B16504,2201,18B228-06-03,20T2328,18A0228-18L225-18-19T578-19T1263-20T2328,2022,SVREC,157,13,1469.66,20.33,48,43,3,102,4,16,NA,25.74,1,3,24.35,145,133,112,104,74,133,7.84631314,9,7
2201_2006,2006,33,2,1,1,14,B21715,NA,B16501/B16504,2201,18B228-07-06,20T2337,18A0228-18L225-18-19T579-19T1264-20T2337,2022,SVREC,182,14,1460.59,19.62,47,59,2,101,4,16,NA,25.81,2,3,20.4,148,129,118,114,91,129,7.74406793,14,7
2201_2007,2007,6,2,2,2,9,B19309,NA,B15414/B16504,2201,17B208-04-02,18-19T1054,17A0208-17L224-17-18T599-18T1223-18-19T1054,2022,SVREC,106,392,1505.95,20.03,49,48,2,101,6,16,NA,26.47,1,2,22.99,154,114,102,87,59,114,9.00057716,1,9
2201_2008,2008,34,2,2,2,10,B21711,NA,B16501/B15430,2201,18B227-08-06,20T2320,18A0227-18L224-18-19T570-19T1259-20T2320,2022,SVREC,129,391,1283.69,19.85,47,38,1,98,5,16,NA,22.62,1,1,24.93,144,118,101,90,61,118,9.057221905,5,13
2201_2009,2009,18,2,2,2,11,B20542,NA,B16501/B15430,2201,18B227-08-02,19-20T650,18A0227-18L224-18-19T570-19T1259-19-20T650,2022,SVREC,132,390,1415.23,19.75,47,42,1,100,5,16,NA,24.96,1,1,24.23,149,121,105,99,75,121,8.645052547,8,12
2201_2010,2010,28,2,2,2,12,B21724,NA,B17996/B17540,2201,18B344-01-05,20T2585,18A0344-18L337-18-19T998-19T1463-20T2585,2022,SVREC,155,389,1043.28,19.86,48,41,3,102,4,16,NA,18.38,1,3,17.1,134,112,102,95,51,112,8.917182063,5,15
2201_2011,2011,31,2,2,2,13,B21707,NA,B15430/B16504,2201,18B217-09-04,20T2288,18A0217-18L216-18-19T507-19T1227-20T2288,2022,SVREC,158,388,1065.96,19.89,47,45,2,101,4,16,NA,18.77,1,2,20.63,132,120,113,102,77,120,8.8393339,3,8
2201_2012,2012,14,2,2,2,14,B20617,NA,B17106/N14218,2201,18B280-01-01,19-20T851,18A0280-18L274-18-19T827-19T1390-19-20T851,2022,SVREC,181,387,1020.6,18.87,47,37,1,97,4,16,NA,18.2,4,2,19.85,155,130,119,102,97,130,8.116463554,7,7
2201_2013,2013,17,2,3,3,9,B10244,ZENITH,"B04644/ZORRO, ZENITH",2201,08B118 -02-02,NA,NA,2022,SVREC,107,409,1460.59,20.18,48,47,1,101,4,16,NA,25.63,1,2,25.5,130,95,96,95,64,95,10.99835054,0,19
2201_2014,2014,36,2,3,3,10,B21705,NA,B14302/B15430,2201,18B211-05-07,20T2264,18A0211-18L210-18-19T472-19T1209-20T2264,2022,SVREC,128,410,1111.32,20.47,49,45,2,102,5,16,NA,19.43,1,1,23.78,129,109,101,92,62,109,8.253152516,8,12
2201_2015,2015,5,2,3,3,11,B20590,NA,B16505/B16504,2201,18B252-06-01,19-20T787,18A0252-18L248-18-19T727-19T1341-19-20T787,2022,SVREC,133,411,943.49,19.32,48,37,1,100,4,16,NA,16.73,4,3,20.2,143,126,106,100,71,126,7.901786058,9,8
2201_2016,2016,8,2,3,3,12,B20597,NA,B16506/B15430,2201,18B261-02-01,19-20T817,18A0261-18L257-18-19T771-19T1361-19-20T817,2022,SVREC,154,412,1338.12,20.31,49,43,1,97,4,16,NA,23.44,1,1,25.36,130,114,100,94,70,114,8.950981568,11,18
2201_2017,2017,2,2,3,3,13,B20599,NA,B16506/B15430,2201,18B261-03-01,19-20T821,18A0261-18L257-18-19T772-19T1362-19-20T821,2022,SVREC,159,413,1242.86,20.49,49,49,2,101,5,16,NA,21.72,1,2,21.38,149,122,97,102,60,122,8.590331679,6,10
2201_2018,2018,11,2,3,3,14,B20639,NA,B17730/B15430,2201,18B329-08-01,19-20T903,18A0329-18L322-18-19T980-19T1455-19-20T903,2022,SVREC,180,414,1347.19,19.69,51,50,2,103,6,16,NA,23.78,1,3,21.33,162,127,116,109,68,127,8.437268526,6,10
2201_2019,2019,16,2,4,4,9,B19340,NA,B16507/B15453,2201,17B249-03-03,18-19T1111,17A0249-17L262-17-18T771-18T1270-18-19T1111,2022,SVREC,108,792,1025.14,19.86,50,44,1,101,4,16,NA,18.06,1,1,23.96,146,108,107,100,52,108,9.298860401,0,15
2201_2020,2020,26,2,4,4,10,B21714,NA,B16501/B16504,2201,18B228-07-05,20T2336,18A0228-18L225-18-19T579-19T1264-20T2336,2022,SVREC,127,791,1161.22,20.31,47,35,1,98,4,16,NA,20.34,1,1,24.02,144,123,112,104,67,123,8.681369149,8,15
2201_2021,2021,24,2,4,4,11,B21710,NA,B16501/B15430,2201,18B227-08-03,20T2317,18A0227-18L224-18-19T570-19T1259-20T2317,2022,SVREC,134,790,1356.26,20.22,48,43,2,101,5,16,NA,23.78,1,1,22.56,152,119,102,100,66,119,8.74172999,9,15
2201_2022,2022,10,2,4,4,12,B20549,NA,B16501/B16504,2201,18B228-10-01,19-20T673,18A0228-18L225-18-19T582-19T1266-19-20T673,2022,SVREC,153,789,1351.73,19.69,47,43,1,97,4,16,NA,23.86,1,1,26.1,162,128,114,94,73,128,8.382048908,9,11
2201_2023,2023,22,2,4,4,13,I19703,BLACK BEARD,"BL14506, BLACK BEARD",2201,"Provita, BL14506",NA,BLK,2022,SVREC,160,788,1093.18,19.69,48,49,2,103,5,16,NA,19.3,1,4,23.37,132,107,100,97,73,107,9.915824417,1,18
2201_2024,2024,35,2,4,4,14,B21720,NA,B16505/B16504,2201,18B252-06-05,20T2457,18A0252-18L248-18-19T727-19T1341-20T2457,2022,SVREC,179,787,1283.69,20.41,49,49,2,101,4,16,NA,22.46,3,2,22.85,158,127,110,104,76,127,8.196371889,8,10
2201_2025,2025,30,2,5,5,9,B21717,NA,B16504/B17106,2201,18B236-07-02,20T2393,18A0236-18L233-18-19T628-19T1291-20T2393,2022,SVREC,109,809,1061.42,20.09,51,37,1,100,5,16,NA,18.64,1,2,20.58,139,132,112,100,73,132,7.895489373,9,7
2201_2026,2026,19,2,5,5,10,B20616,NA,B17106/B17259,2201,18B274-01-05,19-20T850,18A0274-18L268-18-19T816-19T1384-19-20T850,2022,SVREC,126,810,1006.99,20.46,47,42,1,98,4,16,NA,17.61,3,2,21.7,153,137,119,101,79,137,7.570563965,5,8
2201_2027,2027,7,2,5,5,11,B19344,NA,B16506/B16507,2201,17B247-01-04,18-19T1121,17A0247-17L268-17-18T786-18T1277-18-19T1121,2022,SVREC,135,811,1188.43,19.51,46,47,1,101,5,16,NA,21.03,1,3,24.2,140,126,101,95,62,126,8.303449659,14,13
2201_2028,2028,27,2,5,5,12,B21712,NA,B16501/B16504,2201,18B228-03-05,20T2325,18A0228-18L225-18-19T575-19T1262-20T2325,2022,SVREC,152,812,1156.68,20.03,48,39,2,98,5,16,NA,20.33,2,2,23.24,140,119,106,89,58,119,8.469577081,5,10
2201_2029,2029,25,2,5,5,13,B21708,NA,B15430/B16504,2201,18B217-09-05,20T2289,18A0217-18L216-18-19T507-19T1227-20T2289,2022,SVREC,161,813,1006.99,19.78,49,31,2,101,5,16,NA,17.76,1,2,21.96,146,112,102,85,55,112,9.225508438,7,13
2201_2030,2030,32,2,5,5,14,B21706,NA,B15430/B16504,2201,18B217-07-06,20T2277,18A0217-18L216-18-19T505-19T1225-20T2277,2022,SVREC,178,814,1156.68,20.52,50,47,2,102,5,16,NA,20.21,3,3,23,153,126,108,98,80,126,8.423179173,2,9
2201_2031,2031,1,2,6,6,9,B20536,NA,B15430/B16504,2201,18B217-10-02,19-20T626,18A0217-18L216-18-19T508-19T1228-19-20T626,2022,SVREC,110,1192,1433.38,19.65,50,49,2,101,6,16,NA,25.32,1,2,25.56,154,139,105,105,70,139,7.236141782,16,4
2201_2032,2032,12,2,6,6,10,B20602,NA,B16506/B16504,2201,18B262-05-02,19-20T827,18A0262-18L258-18-19T781-19T1366-19-20T827,2022,SVREC,125,1191,1202.04,19.76,47,38,1,96,4,16,NA,21.2,1,1,25.53,153,115,110,102,80,115,8.700698773,2,11
2201_2033,2033,15,2,6,6,11,B19332,NA,B16501/B15464,2201,17B238-02-02,18-19T1098,17A0238-17L253-17-18T732-18T1262-18-19T1098,2022,SVREC,136,1190,1347.19,20.03,50,42,1,101,4,16,NA,23.68,1,3,23.61,151,125,105,100,73,125,7.882278052,13,7
2201_2034,2034,4,2,6,6,12,B18504,ADAMS,"Zenith//Alpena*/B09197, ADAMS",2201,14B217-02-01-R,NA,14A0217-14L217-14-15T938-15T1117-15-16T41-R109,2022,SVREC,151,1189,1451.52,20.17,48,40,2,101,5,16,NA,25.47,1,2,22.6,99,81,79,71,39,81,11.84451911,0,21
2201_2035,2035,13,2,6,6,13,B20532,NA,B15430/B16504,2201,18B217-08-02,19-20T616,18A0217-18L216-18-19T506-19T1226-19-20T616,2022,SVREC,162,1188,1288.22,20.64,50,35,2,101,5,16,NA,22.47,1,2,21.65,153,122,104,93,81,122,8.451168906,6,10
2201_2036,2036,21,2,6,6,14,I21901,NIMBUS,"BL14500, NIMBUS",2201,PROVITA,NA,BLK,2022,SVREC,177,1187,1038.74,19.59,52,58,2,102,4,16,NA,18.36,3,3,24.73,98,72,72,68,40,72,13.62998674,2,24
2201_3001,3001,35,3,1,7,3,B21720,NA,B16505/B16504,2201,18B252-06-05,20T2457,18A0252-18L248-18-19T727-19T1341-20T2457,2022,SVREC,33,1203,1292.76,20.31,49,33,1,97,4,16,NA,22.64,3,1,22.95,NA,NA,NA,NA,NA,NA,NA,NA,NA
2201_3002,3002,33,3,1,7,4,B21715,NA,B16501/B16504,2201,18B228-07-06,20T2337,18A0228-18L225-18-19T579-19T1264-20T2337,2022,SVREC,46,1204,1292.76,20.76,48,43,1,100,4,16,NA,22.52,2,1,23.41,NA,NA,NA,NA,NA,NA,NA,NA,NA
2201_3003,3003,19,3,1,7,5,B20616,NA,B17106/B17259,2201,18B274-01-05,19-20T850,18A0274-18L268-18-19T816-19T1384-19-20T850,2022,SVREC,59,1205,929.88,20.63,47,40,1,98,4,16,NA,16.22,3,2,19.58,NA,NA,NA,NA,NA,NA,NA,NA,NA
2201_3004,3004,18,3,1,7,6,B20542,NA,B16501/B15430,2201,18B227-08-02,19-20T650,18A0227-18L224-18-19T570-19T1259-19-20T650,2022,SVREC,72,1206,1324.51,19.71,47,39,1,98,4,16,NA,23.38,1,2,25.34,NA,NA,NA,NA,NA,NA,NA,NA,NA
2201_3005,3005,17,3,1,7,7,B10244,ZENITH,"B04644/ZORRO, ZENITH",2201,08B118 -02-02,NA,NA,2022,SVREC,85,1207,1573.99,20.07,47,38,2,101,5,16,NA,27.65,1,3,24.53,NA,NA,NA,NA,NA,NA,NA,NA,NA
2201_3006,3006,4,3,1,7,8,B18504,ADAMS,"Zenith//Alpena*/B09197, ADAMS",2201,14B217-02-01-R,NA,14A0217-14L217-14-15T938-15T1117-15-16T41-R109,2022,SVREC,98,1208,1460.59,20.3,48,36,3,100,5,16,NA,25.59,1,2,23.57,NA,NA,NA,NA,NA,NA,NA,NA,NA
2201_3007,3007,21,3,2,8,3,I21901,NIMBUS,"BL14500, NIMBUS",2201,PROVITA,NA,BLK,2022,SVREC,34,1598,1061.42,20.29,49,35,2,102,4,16,NA,18.6,1,3,25.33,NA,NA,NA,NA,NA,NA,NA,NA,NA
2201_3008,3008,25,3,2,8,4,B21708,NA,B15430/B16504,2201,18B217-09-05,20T2289,18A0217-18L216-18-19T507-19T1227-20T2289,2022,SVREC,45,1597,1025.14,19.94,47,47,1,98,4,16,NA,18.04,1,1,23.68,NA,NA,NA,NA,NA,NA,NA,NA,NA
2201_3009,3009,11,3,2,8,5,B20639,NA,B17730/B15430,2201,18B329-08-01,19-20T903,18A0329-18L322-18-19T980-19T1455-19-20T903,2022,SVREC,60,1596,1152.14,20.22,48,38,2,101,6,16,NA,20.2,1,2,22.29,NA,NA,NA,NA,NA,NA,NA,NA,NA
2201_3010,3010,14,3,2,8,6,B20617,NA,B17106/N14218,2201,18B280-01-01,19-20T851,18A0280-18L274-18-19T827-19T1390-19-20T851,2022,SVREC,71,1595,1324.51,19.21,47,39,1,97,4,16,NA,23.52,2,1,24.13,NA,NA,NA,NA,NA,NA,NA,NA,NA
2201_3011,3011,16,3,2,8,7,B19340,NA,B16507/B15453,2201,17B249-03-03,18-19T1111,17A0249-17L262-17-18T771-18T1270-18-19T1111,2022,SVREC,86,1594,1428.84,19.62,50,50,1,97,4,16,NA,25.24,1,1,26.88,NA,NA,NA,NA,NA,NA,NA,NA,NA
2201_3012,3012,20,3,2,8,8,B20547,NA,B16501/B16504,2201,18B228-07-01,19-20T666,18A0228-18L225-18-19T579-19T1264-19-20T666,2022,SVREC,97,1593,1478.74,20.17,47,38,1,98,4,16,NA,25.95,1,1,25.49,NA,NA,NA,NA,NA,NA,NA,NA,NA
2201_3013,3013,22,3,3,9,3,I19703,BLACK BEARD,"BL14506, BLACK BEARD",2201,"Provita, BL14506",NA,BLK,2022,SVREC,35,1603,1124.93,19.57,49,49,2,102,6,16,NA,19.89,2,3,27.13,NA,NA,NA,NA,NA,NA,NA,NA,NA
2201_3014,3014,34,3,3,9,4,B21711,NA,B16501/B15430,2201,18B227-08-06,20T2320,18A0227-18L224-18-19T570-19T1259-20T2320,2022,SVREC,44,1604,1605.74,20.28,46,50,2,98,5,16,NA,28.14,1,2,25.59,NA,NA,NA,NA,NA,NA,NA,NA,NA
2201_3015,3015,9,3,3,9,5,B20538,NA,B15430/B16504,2201,18B217-12-02,19-20T631,18A0217-18L216-18-19T510-19T1229-19-20T631,2022,SVREC,61,1605,1347.19,20.96,46,39,2,98,5,16,NA,23.41,1,2,23.57,NA,NA,NA,NA,NA,NA,NA,NA,NA
2201_3016,3016,13,3,3,9,6,B20532,NA,B15430/B16504,2201,18B217-08-02,19-20T616,18A0217-18L216-18-19T506-19T1226-19-20T616,2022,SVREC,70,1606,1551.31,19.8,47,49,2,98,5,16,NA,27.35,3,2,24.22,NA,NA,NA,NA,NA,NA,NA,NA,NA
2201_3017,3017,36,3,3,9,7,B21705,NA,B14302/B15430,2201,18B211-05-07,20T2264,18A0211-18L210-18-19T472-19T1209-20T2264,2022,SVREC,87,1607,1828.01,19.91,47,53,2,101,6,16,NA,32.18,1,1,24.63,NA,NA,NA,NA,NA,NA,NA,NA,NA
2201_3018,3018,27,3,3,9,8,B21712,NA,B16501/B16504,2201,18B228-03-05,20T2325,18A0228-18L225-18-19T575-19T1262-20T2325,2022,SVREC,96,1608,1723.68,19.96,47,41,2,97,5,16,NA,30.32,1,2,25.58,NA,NA,NA,NA,NA,NA,NA,NA,NA
2201_3019,3019,8,3,4,10,3,B20597,NA,B16506/B15430,2201,18B261-02-01,19-20T817,18A0261-18L257-18-19T771-19T1361-19-20T817,2022,SVREC,36,1998,1419.77,20.29,48,35,1,96,4,16,NA,24.88,1,2,26.06,NA,NA,NA,NA,NA,NA,NA,NA,NA
2201_3020,3020,23,3,4,10,4,B04554,ZORRO,"B00103*/X00822, ZORRO",2201,01B008 -04-01-06,NA,NA,2022,SVREC,43,1997,1215.65,19.49,49,39,3,101,4,16,NA,21.51,1,3,22.98,NA,NA,NA,NA,NA,NA,NA,NA,NA
2201_3021,3021,24,3,4,10,5,B21710,NA,B16501/B15430,2201,18B227-08-03,20T2317,18A0227-18L224-18-19T570-19T1259-20T2317,2022,SVREC,62,1996,1728.22,20.77,47,57,1,98,5,16,NA,30.1,1,2,24.39,NA,NA,NA,NA,NA,NA,NA,NA,NA
2201_3022,3022,1,3,4,10,6,B20536,NA,B15430/B16504,2201,18B217-10-02,19-20T626,18A0217-18L216-18-19T508-19T1228-19-20T626,2022,SVREC,69,1995,1773.58,19.97,48,48,2,98,5,16,NA,31.2,1,2,24.67,NA,NA,NA,NA,NA,NA,NA,NA,NA
2201_3023,3023,31,3,4,10,7,B21707,NA,B15430/B16504,2201,18B217-09-04,20T2288,18A0217-18L216-18-19T507-19T1227-20T2288,2022,SVREC,88,1994,1524.1,20.51,49,50,3,98,5,16,NA,26.63,1,1,23.51,NA,NA,NA,NA,NA,NA,NA,NA,NA
2201_3024,3024,30,3,4,10,8,B21717,NA,B16504/B17106,2201,18B236-07-02,20T2393,18A0236-18L233-18-19T628-19T1291-20T2393,2022,SVREC,95,1993,1705.54,20.32,47,43,2,100,5,16,NA,29.87,1,2,23.5,NA,NA,NA,NA,NA,NA,NA,NA,NA
2201_3025,3025,3,3,5,11,3,B20591,NA,B16505/B16504,2201,18B252-06-02,19-20T788,18A0252-18L248-18-19T727-19T1341-19-20T788,2022,SVREC,37,2003,1143.07,20.53,47,41,1,100,5,16,NA,19.97,1,2,23.41,NA,NA,NA,NA,NA,NA,NA,NA,NA
2201_3026,3026,12,3,5,11,4,B20602,NA,B16506/B16504,2201,18B262-05-02,19-20T827,18A0262-18L258-18-19T781-19T1366-19-20T827,2022,SVREC,42,2004,1483.27,20,47,37,1,95,4,16,NA,26.08,1,2,26.44,NA,NA,NA,NA,NA,NA,NA,NA,NA
2201_3027,3027,32,3,5,11,5,B21706,NA,B15430/B16504,2201,18B217-07-06,20T2277,18A0217-18L216-18-19T505-19T1225-20T2277,2022,SVREC,63,2005,1483.27,21.03,51,46,3,101,5,16,NA,25.75,3,2,22.58,NA,NA,NA,NA,NA,NA,NA,NA,NA
2201_3028,3028,10,3,5,11,6,B20549,NA,B16501/B16504,2201,18B228-10-01,19-20T673,18A0228-18L225-18-19T582-19T1266-19-20T673,2022,SVREC,68,2006,1728.22,19.62,47,46,1,95,5,16,NA,30.53,1,1,27.75,NA,NA,NA,NA,NA,NA,NA,NA,NA
2201_3029,3029,6,3,5,11,7,B19309,NA,B15414/B16504,2201,17B208-04-02,18-19T1054,17A0208-17L224-17-18T599-18T1223-18-19T1054,2022,SVREC,89,2007,1787.18,20.55,49,44,2,101,6,16,NA,31.21,1,1,24.02,NA,NA,NA,NA,NA,NA,NA,NA,NA
2201_3030,3030,5,3,5,11,8,B20590,NA,B16505/B16504,2201,18B252-06-01,19-20T787,18A0252-18L248-18-19T727-19T1341-19-20T787,2022,SVREC,94,2008,1478.74,20.32,49,33,2,100,5,16,NA,25.9,3,2,23.15,NA,NA,NA,NA,NA,NA,NA,NA,NA
2201_3031,3031,7,3,6,12,3,B19344,NA,B16506/B16507,2201,17B247-01-04,18-19T1121,17A0247-17L268-17-18T786-18T1277-18-19T1121,2022,SVREC,38,2398,997.92,19.57,47,36,1,97,4,16,NA,17.64,2,2,24.73,NA,NA,NA,NA,NA,NA,NA,NA,NA
2201_3032,3032,26,3,6,12,4,B21714,NA,B16501/B16504,2201,18B228-07-05,20T2336,18A0228-18L225-18-19T579-19T1264-20T2336,2022,SVREC,41,2397,1383.48,20.83,49,46,1,98,4,16,NA,24.08,1,1,24.41,NA,NA,NA,NA,NA,NA,NA,NA,NA
2201_3033,3033,2,3,6,12,5,B20599,NA,B16506/B15430,2201,18B261-03-01,19-20T821,18A0261-18L257-18-19T772-19T1362-19-20T821,2022,SVREC,64,2396,1478.74,20.98,47,47,2,100,5,16,NA,25.68,2,2,24.51,NA,NA,NA,NA,NA,NA,NA,NA,NA
2201_3034,3034,29,3,6,12,6,B21713,NA,B16501/B16504,2201,18B228-06-03,20T2328,18A0228-18L225-18-19T578-19T1263-20T2328,2022,SVREC,67,2395,1787.18,20.83,47,54,2,100,5,16,NA,31.1,1,2,26.85,NA,NA,NA,NA,NA,NA,NA,NA,NA
2201_3035,3035,28,3,6,12,7,B21724,NA,B17996/B17540,2201,18B344-01-05,20T2585,18A0344-18L337-18-19T998-19T1463-20T2585,2022,SVREC,90,2394,1437.91,20.21,47,50,3,101,2,16,NA,25.22,1,1,20.44,NA,NA,NA,NA,NA,NA,NA,NA,NA
2201_3036,3036,15,3,6,12,8,B19332,NA,B16501/B15464,2201,17B238-02-02,18-19T1098,17A0238-17L253-17-18T732-18T1262-18-19T1098,2022,SVREC,93,2393,1583.06,20.76,48,40,1,97,5,16,NA,27.57,2,2,23.95,NA,NA,NA,NA,NA,NA,NA,NA,NA
2201_4001,4001,27,4,1,7,9,B21712,NA,B16501/B16504,2201,18B228-03-05,20T2325,18A0228-18L225-18-19T575-19T1262-20T2325,2022,SVREC,111,1209,1152.14,20.39,47,34,2,97,5,16,NA,20.16,3,2,23.16,NA,NA,NA,NA,NA,NA,NA,NA,NA
2201_4002,4002,19,4,1,7,10,B20616,NA,B17106/B17259,2201,18B274-01-05,19-20T850,18A0274-18L268-18-19T816-19T1384-19-20T850,2022,SVREC,124,1210,1165.75,20.69,47,49,1,98,5,16,NA,20.32,3,2,21.78,NA,NA,NA,NA,NA,NA,NA,NA,NA
2201_4003,4003,25,4,1,7,11,B21708,NA,B15430/B16504,2201,18B217-09-05,20T2289,18A0217-18L216-18-19T507-19T1227-20T2289,2022,SVREC,137,1211,1369.87,19.5,49,39,2,100,6,16,NA,24.24,1,1,25.91,NA,NA,NA,NA,NA,NA,NA,NA,NA
2201_4004,4004,30,4,1,7,12,B21717,NA,B16504/B17106,2201,18B236-07-02,20T2393,18A0236-18L233-18-19T628-19T1291-20T2393,2022,SVREC,150,1212,1474.2,20.51,49,39,2,100,6,16,NA,25.76,1,2,22.18,NA,NA,NA,NA,NA,NA,NA,NA,NA
2201_4005,4005,7,4,1,7,13,B19344,NA,B16506/B16507,2201,17B247-01-04,18-19T1121,17A0247-17L268-17-18T786-18T1277-18-19T1121,2022,SVREC,163,1213,1360.8,19.81,47,38,1,98,5,16,NA,23.99,1,2,25.19,NA,NA,NA,NA,NA,NA,NA,NA,NA
2201_4006,4006,32,4,1,7,14,B21706,NA,B15430/B16504,2201,18B217-07-06,20T2277,18A0217-18L216-18-19T505-19T1225-20T2277,2022,SVREC,176,1214,1551.31,20.76,51,41,2,101,5,16,NA,27.02,1,3,23.53,NA,NA,NA,NA,NA,NA,NA,NA,NA
2201_4007,4007,14,4,2,8,9,B20617,NA,B17106/N14218,2201,18B280-01-01,19-20T851,18A0280-18L274-18-19T827-19T1390-19-20T851,2022,SVREC,112,1592,1419.77,20,47,37,1,96,4,16,NA,24.97,1,1,23.37,NA,NA,NA,NA,NA,NA,NA,NA,NA
2201_4008,4008,34,4,2,8,10,B21711,NA,B16501/B15430,2201,18B227-08-06,20T2320,18A0227-18L224-18-19T570-19T1259-20T2320,2022,SVREC,123,1591,1410.7,19.46,47,38,1,98,4,16,NA,24.97,1,1,26.35,NA,NA,NA,NA,NA,NA,NA,NA,NA
2201_4009,4009,6,4,2,8,11,B19309,NA,B15414/B16504,2201,17B208-04-02,18-19T1054,17A0208-17L224-17-18T599-18T1223-18-19T1054,2022,SVREC,138,1590,1256.47,19.99,50,46,2,102,5,16,NA,22.1,1,2,21.71,NA,NA,NA,NA,NA,NA,NA,NA,NA
2201_4010,4010,28,4,2,8,12,B21724,NA,B17996/B17540,2201,18B344-01-05,20T2585,18A0344-18L337-18-19T998-19T1463-20T2585,2022,SVREC,149,1589,1156.68,19.78,47,34,3,103,3,16,NA,20.4,1,4,20.14,NA,NA,NA,NA,NA,NA,NA,NA,NA
2201_4011,4011,31,4,2,8,13,B21707,NA,B15430/B16504,2201,18B217-09-04,20T2288,18A0217-18L216-18-19T507-19T1227-20T2288,2022,SVREC,164,1588,1120.39,19.93,47,49,2,101,5,16,NA,19.72,1,2,19.89,NA,NA,NA,NA,NA,NA,NA,NA,NA
2201_4012,4012,18,4,2,8,14,B20542,NA,B16501/B15430,2201,18B227-08-02,19-20T650,18A0227-18L224-18-19T570-19T1259-19-20T650,2022,SVREC,175,1587,1510.49,19.49,48,40,1,101,5,16,NA,26.73,1,2,24.68,NA,NA,NA,NA,NA,NA,NA,NA,NA
2201_4013,4013,11,4,3,9,9,B20639,NA,B17730/B15430,2201,18B329-08-01,19-20T903,18A0329-18L322-18-19T980-19T1455-19-20T903,2022,SVREC,113,1609,1850.69,19.97,47,53,2,102,6,16,NA,32.56,1,2,24.9,NA,NA,NA,NA,NA,NA,NA,NA,NA
2201_4014,4014,2,4,3,9,10,B20599,NA,B16506/B15430,2201,18B261-03-01,19-20T821,18A0261-18L257-18-19T772-19T1362-19-20T821,2022,SVREC,122,1610,1805.33,20.35,48,45,2,100,5,16,NA,31.61,1,2,24.22,NA,NA,NA,NA,NA,NA,NA,NA,NA
2201_4015,4015,17,4,3,9,11,B10244,ZENITH,"B04644/ZORRO, ZENITH",2201,08B118 -02-02,NA,NA,2022,SVREC,139,1611,1764.5,20.77,47,40,2,101,2,16,NA,30.73,1,2,25.45,NA,NA,NA,NA,NA,NA,NA,NA,NA
2201_4016,4016,36,4,3,9,12,B21705,NA,B14302/B15430,2201,18B211-05-07,20T2264,18A0211-18L210-18-19T472-19T1209-20T2264,2022,SVREC,148,1612,1682.86,20.08,47,46,3,101,5,16,NA,29.56,1,3,24.39,NA,NA,NA,NA,NA,NA,NA,NA,NA
2201_4017,4017,5,4,3,9,13,B20590,NA,B16505/B16504,2201,18B252-06-01,19-20T787,18A0252-18L248-18-19T727-19T1341-19-20T787,2022,SVREC,165,1613,1769.04,19.4,47,43,2,101,5,16,NA,31.34,3,3,22.8,NA,NA,NA,NA,NA,NA,NA,NA,NA
2201_4018,4018,8,4,3,9,14,B20597,NA,B16506/B15430,2201,18B261-02-01,19-20T817,18A0261-18L257-18-19T771-19T1361-19-20T817,2022,SVREC,174,1614,1669.25,19.48,48,55,1,97,5,16,NA,29.54,1,1,27.36,NA,NA,NA,NA,NA,NA,NA,NA,NA
2201_4019,4019,23,4,4,10,9,B04554,ZORRO,"B00103*/X00822, ZORRO",2201,01B008 -04-01-06,NA,NA,2022,SVREC,114,1992,1424.3,19.72,48,51,3,101,4,16,NA,25.13,1,3,23,NA,NA,NA,NA,NA,NA,NA,NA,NA
2201_4020,4020,20,4,4,10,10,B20547,NA,B16501/B16504,2201,18B228-07-01,19-20T666,18A0228-18L225-18-19T579-19T1264-19-20T666,2022,SVREC,121,1991,1646.57,20.08,46,38,1,100,2,16,NA,28.92,1,2,25.11,NA,NA,NA,NA,NA,NA,NA,NA,NA
2201_4021,4021,29,4,4,10,11,B21713,NA,B16501/B16504,2201,18B228-06-03,20T2328,18A0228-18L225-18-19T578-19T1263-20T2328,2022,SVREC,140,1990,1968.62,19.69,47,40,3,100,4,16,NA,34.75,1,3,27.52,NA,NA,NA,NA,NA,NA,NA,NA,NA
2201_4022,4022,33,4,4,10,12,B21715,NA,B16501/B16504,2201,18B228-07-06,20T2337,18A0228-18L225-18-19T579-19T1264-20T2337,2022,SVREC,147,1989,1837.08,19.51,47,33,2,101,5,16,NA,32.5,1,2,24.76,NA,NA,NA,NA,NA,NA,NA,NA,NA
2201_4023,4023,9,4,4,10,13,B20538,NA,B15430/B16504,2201,18B217-12-02,19-20T631,18A0217-18L216-18-19T510-19T1229-19-20T631,2022,SVREC,166,1988,1669.25,20.28,47,52,3,101,5,16,NA,29.25,1,2,23.32,NA,NA,NA,NA,NA,NA,NA,NA,NA
2201_4024,4024,3,4,4,10,14,B20591,NA,B16505/B16504,2201,18B252-06-02,19-20T788,18A0252-18L248-18-19T727-19T1341-19-20T788,2022,SVREC,173,1987,1796.26,19.85,46,40,2,101,5,16,NA,31.65,1,2,22.99,NA,NA,NA,NA,NA,NA,NA,NA,NA
2201_4025,4025,10,4,5,11,9,B20549,NA,B16501/B16504,2201,18B228-10-01,19-20T673,18A0228-18L225-18-19T582-19T1266-19-20T673,2022,SVREC,115,2009,1719.14,19.76,47,44,1,95,4,16,NA,30.32,1,2,26.18,NA,NA,NA,NA,NA,NA,NA,NA,NA
2201_4026,4026,35,4,5,11,10,B21720,NA,B16505/B16504,2201,18B252-06-05,20T2457,18A0252-18L248-18-19T727-19T1341-20T2457,2022,SVREC,120,2010,1737.29,20.44,47,41,2,100,5,16,NA,30.38,1,2,24.29,NA,NA,NA,NA,NA,NA,NA,NA,NA
2201_4027,4027,16,4,5,11,11,B19340,NA,B16507/B15453,2201,17B249-03-03,18-19T1111,17A0249-17L262-17-18T771-18T1270-18-19T1111,2022,SVREC,141,2011,1632.96,19.85,49,55,2,101,5,16,NA,28.77,1,1,27.09,NA,NA,NA,NA,NA,NA,NA,NA,NA
2201_4028,4028,24,4,5,11,12,B21710,NA,B16501/B15430,2201,18B227-08-03,20T2317,18A0227-18L224-18-19T570-19T1259-20T2317,2022,SVREC,146,2012,1696.46,20.26,49,43,2,101,5,16,NA,29.73,1,2,23.56,NA,NA,NA,NA,NA,NA,NA,NA,NA
2201_4029,4029,22,4,5,11,13,I19703,BLACK BEARD,"BL14506, BLACK BEARD",2201,"Provita, BL14506",NA,BLK,2022,SVREC,167,2013,1075.03,19.83,49,59,3,103,4,16,NA,18.94,3,4,22.8,NA,NA,NA,NA,NA,NA,NA,NA,NA
2201_4030,4030,26,4,5,11,14,B21714,NA,B16501/B16504,2201,18B228-07-05,20T2336,18A0228-18L225-18-19T579-19T1264-20T2336,2022,SVREC,172,2014,1691.93,19.73,47,43,1,101,2,16,NA,29.85,1,1,25.42,NA,NA,NA,NA,NA,NA,NA,NA,NA
2201_4031,4031,1,4,6,12,9,B20536,NA,B15430/B16504,2201,18B217-10-02,19-20T626,18A0217-18L216-18-19T508-19T1228-19-20T626,2022,SVREC,116,2392,1746.36,20.51,50,49,2,101,6,16,NA,30.51,1,1,24.72,NA,NA,NA,NA,NA,NA,NA,NA,NA
2201_4032,4032,12,4,6,12,10,B20602,NA,B16506/B16504,2201,18B262-05-02,19-20T827,18A0262-18L258-18-19T781-19T1366-19-20T827,2022,SVREC,119,2391,1578.53,20.39,47,42,1,96,5,16,NA,27.62,1,2,26.14,NA,NA,NA,NA,NA,NA,NA,NA,NA
2201_4033,4033,4,4,6,12,11,B18504,ADAMS,"Zenith//Alpena*/B09197, ADAMS",2201,14B217-02-01-R,NA,14A0217-14L217-14-15T938-15T1117-15-16T41-R109,2022,SVREC,142,2390,1469.66,20.92,49,40,2,100,5,16,NA,25.55,1,2,22.65,NA,NA,NA,NA,NA,NA,NA,NA,NA
2201_4034,4034,13,4,6,12,12,B20532,NA,B15430/B16504,2201,18B217-08-02,19-20T616,18A0217-18L216-18-19T506-19T1226-19-20T616,2022,SVREC,145,2389,1465.13,20.14,49,30,2,100,5,16,NA,25.72,1,2,22.49,NA,NA,NA,NA,NA,NA,NA,NA,NA
2201_4035,4035,21,4,6,12,13,I21901,NIMBUS,"BL14500, NIMBUS",2201,PROVITA,NA,BLK,2022,SVREC,168,2388,1401.62,20.67,51,58,3,103,4,16,NA,24.44,1,4,24.99,NA,NA,NA,NA,NA,NA,NA,NA,NA
2201_4036,4036,15,4,6,12,14,B19332,NA,B16501/B15464,2201,17B238-02-02,18-19T1098,17A0238-17L253-17-18T732-18T1262-18-19T1098,2022,SVREC,171,2387,1410.7,19.75,47,38,1,101,5,16,NA,24.88,1,2,24.57,NA,NA,NA,NA,NA,NA,NA,NA,NA
2202_1001,1001,13,1,1,1,15,N18103,NA,N13120/PR00806-81,2202,16N103-06-03,17-18T440,16A0103-16L102-16-17T13-17T1006-17-18T440,2022,SVREC,183,15,598.75,17.02,49,51,3,102,2,16,NA,10.92,2,3,20.78,145,121,106,89,70,121,8.902606254,5,14
2202_1002,1002,20,1,1,1,16,N21510,NA,N15306/N14229,2202,18N118-02-02,20T2079,18A0118-18L116-18-19T75-19T1037-20T2079,2022,SVREC,208,16,1374.41,19.75,48,48,2,100,2,16,NA,24.24,1,3,19.8,149,131,113,100,68,131,7.990801933,8,11
2202_1003,1003,15,1,1,1,17,N11283,ALPENA,"MEDALIST/N08003, ALPENA",2202,09N058 -05-05,NA,NA,2022,SVREC,209,17,1401.62,20.24,47,51,2,100,2,16,NA,24.57,1,3,18.96,119,104,93,92,54,104,10.0787487,8,20
2202_1004,1004,25,1,1,1,18,N21532,NA,B16504/B11519,2202,18B232-03-05,20T2352,18A0232-18L229-18-19T606-19T1278-20T2352,2022,SVREC,234,18,1886.98,19.79,48,53,1,100,2,16,NA,33.27,1,4,21.43,153,124,116,99,59,124,8.594527275,15,11
2202_1005,1005,12,1,1,1,19,N20384,NA,N14229/N17506,2202,18N108-02-03,19-20T432,18A0108-18L163-18-19T299-19T1138-19-20T432,2022,SVREC,235,19,1397.09,19.78,48,45,2,100,2,16,NA,24.63,1,1,19.36,161,126,119,104,70,126,8.921073722,14,10
2202_1006,1006,7,1,2,2,15,N19246,NA,N15331/N16405,2202,17N136-01-05,18-19T402,17A0136-17L164-17-18T359-18T1110-18-19T402,2022,SVREC,184,386,920.81,18.97,47,47,2,100,3,16,NA,16.4,3,1,20.43,140,120,106,102,62,120,8.360007738,8,10
2202_1007,1007,16,1,2,2,16,I21920,HMS BOUNTY,HMS BOUNTY,2202,"Provita, 12047",NA,navy,2022,SVREC,207,385,471.74,10.75,47,47,3,101,3,16,NA,9.25,5,3,16.55,121,109,101,99,57,109,9.759661363,3,15
2202_1008,1008,28,1,2,2,17,N21528,NA,N17506/B15430,2202,18N158-01-02,20T2225,18A0158-18L155-18-19T283-19T1132-20T2225,2022,SVREC,210,384,1043.28,19.43,50,45,3,97,3,16,NA,18.48,4,3,18.24,144,126,108,104,74,126,8.003962636,8,9
2202_1009,1009,27,1,2,2,18,N21524,NA,N17504/B17106,2202,18N153-04-04,20T2196,18A0153-18L150-18-19T248-19T1116-20T2196,2022,SVREC,233,383,1143.07,19.48,50,47,1,100,3,16,NA,20.23,2,5,20.36,138,112,102,102,65,112,8.900778023,5,15
2202_1010,1010,29,1,2,2,19,N21513,NA,N15306/N16405,2202,18N120-03-01,20T2096,18A0120-18L118-18-19T90-19T1044-20T2096,2022,SVREC,236,382,1360.8,20.37,48,40,2,100,3,16,NA,23.82,1,5,20.09,157,134,109,99,76,134,7.942661922,6,7
2202_1011,1011,22,1,3,3,15,N21522,NA,N17504/B15430,2202,18N152-08-04,20T2190,18A0152-18L149-18-19T242-19T1113-20T2190,2022,SVREC,185,415,1274.62,19.34,49,46,1,100,3,16,NA,22.6,3,4,19.06,151,107,105,104,73,107,9.803991383,3,15
2202_1012,1012,18,1,3,3,16,N21525,NA,N17506/N14229,2202,18N155-06-02,20T2214,18A0155-18L152-18-19T268-19T1126-20T2214,2022,SVREC,206,416,1424.3,19.09,50,48,3,100,4,16,NA,25.33,2,2,21.02,143,136,106,106,80,136,7.974756758,11,8
2202_1013,1013,6,1,3,3,17,N18105,NA,N13131/N14201,2202,16N107-04-03,17-18T454,16A0107-16L106-16-17T25-17T1013-17-18T454,2022,SVREC,211,417,1397.09,18.54,49,52,2,100,4,16,NA,25.02,1,2,20.45,158,142,116,108,76,142,7.586161841,12,6
2202_1014,1014,1,1,3,3,18,N20401,NA,B16505/N17504,2202,18B258-01-01,19-20T803,18A0258-18L254-18-19T754-19T1354-19-20T803,2022,SVREC,232,418,1383.48,20.07,50,48,2,100,4,16,NA,24.31,2,1,19.59,145,120,102,101,60,120,8.175662133,7,9
2202_1015,1015,3,1,3,3,19,N20395,NA,B16504/N17504,2202,18B245-01-01,19-20T769,18A0245-18L241-18-19T681-19T1318-19-20T769,2022,SVREC,237,419,1329.05,19.39,49,39,2,101,4,16,NA,23.55,1,2,19.32,151,124,118,117,74,124,8.359836873,7,11
2202_1016,1016,4,1,4,4,15,N19277,NA,N14229/N14218,2202,17N113-05-R109-02,18-19T1452,17A0113-17L143-18T1903-18-19T1452,2022,SVREC,186,786,1211.11,19.33,49,52,1,101,4,16,NA,21.47,1,2,18.7,154,123,102,97,59,123,8.391478083,7,11
2202_1017,1017,9,1,4,4,16,N19243,NA,N15331/N16405,2202,17N136-01-01,18-19T398,17A0136-17L164-17-18T359-18T1110-18-19T398,2022,SVREC,205,785,1138.54,19.82,51,45,2,100,4,16,NA,20.07,1,3,20.78,157,129,106,106,63,129,8.148415641,11,11
2202_1018,1018,17,1,4,4,17,I22001,LIBERTY,LIBERTY,2202,Provita 15095,NA,NA,2022,SVREC,212,784,966.17,19.37,48,42,2,101,4,16,NA,17.12,2,3,23.56,125,105,93,86,55,105,9.297653042,0,14
2202_1019,1019,23,1,4,4,18,N21526,NA,N17506/N14229,2202,18N155-07-02,20T2219,18A0155-18L152-18-19T269-19T1127-20T2219,2022,SVREC,231,783,1238.33,19.41,51,54,1,100,4,16,NA,21.94,1,2,20.36,151,117,110,96,58,117,8.870050108,12,11
2202_1020,1020,5,1,4,4,19,N20404,NA,B16505/N17504,2202,18B258-02-02,19-20T808,18A0258-18L254-18-19T755-19T1355-19-20T808,2022,SVREC,238,782,1179.36,18.93,51,41,2,100,4,16,NA,21.02,1,2,20.5,156,138,111,107,72,138,7.861556588,12,6
2202_1021,1021,21,1,5,5,15,N21511,NA,N15306/N15337,2202,18N119-06-02,20T2083,18A0119-18L117-18-19T87-19T1042-20T2083,2022,SVREC,187,815,1202.04,20.01,48,44,1,97,4,16,NA,21.13,2,2,22.11,152,128,112,106,86,128,8.252522766,3,6
2202_1022,1022,11,1,5,5,16,N18122,NA,N15334/N15335,2202,16N153-02-02,17-18T500,16A0153-16L149-16-17T149-17T1077-17-18T500,2022,SVREC,204,816,1093.18,20.1,48,58,1,102,4,16,NA,19.2,2,1,24.58,157,130,113,104,76,130,8.286538009,6,6
2202_1023,1023,30,1,5,5,17,N21503,NA,N14218/N17504,2202,18N102-01-01,20T2015,18A0102-18L102-18-19T9-19T1005-20T2015,2022,SVREC,213,817,1288.22,18.86,50,48,2,101,4,16,NA,22.98,3,1,16.72,145,125,108,102,70,125,8.457307808,6,12
2202_1024,1024,8,1,5,5,18,N19284,NA,G14505/X16708,2202,16G318-07-R109-01,18-19T1462,16A3002-17L302-18T1919-18-19T1462,2022,SVREC,230,818,1188.43,19.5,52,52,2,101,4,16,NA,21.03,2,2,17.96,153,130,112,107,76,130,7.860375372,12,11
2202_1025,1025,26,1,5,5,19,N21523,NA,N17504/B15430,2202,18N152-08-06,20T2192,18A0152-18L149-18-19T242-19T1113-20T2192,2022,SVREC,239,819,1138.54,18.23,51,46,2,100,4,16,NA,20.46,4,2,18.96,157,129,120,103,73,129,8.028312112,5,8
2202_1026,1026,19,1,6,6,15,N21520,NA,N17504/N14229,2202,18N147-03-02,20T2159,18A0147-18L144-18-19T199-19T1090-20T2159,2022,SVREC,188,1186,1202.04,19.82,51,49,3,97,5,16,NA,21.18,3,3,18.7,125,115,91,88,45,115,8.722985246,12,12
2202_1027,1027,24,1,6,6,16,N21514,NA,N15306/N17504,2202,18N121-09-03,20T2102,18A0121-18L119-18-19T102-19T1049-20T2102,2022,SVREC,203,1185,1229.26,20.03,51,49,2,99,5,16,NA,21.61,3,3,18.57,155,134,113,108,59,134,7.987936072,9,10
2202_1028,1028,14,1,6,6,17,N22639,NA,B19330/B19302,2202,20B289-01-06,21-22T987,20A0289-20L285-20-21T735-21T1445-21-22T987,2022,SVREC,214,1184,875.45,17.14,51,52,2,100,4,16,NA,15.94,3,2,18.51,123,110,97,93,63,110,7.742268134,9,9
2202_1029,1029,10,1,6,6,18,N20317,NA,N14218/N17504,2202,18N102-06-05,19-20T218,18A0102-18L102-18-19T14-19T1007-19-20T218,2022,SVREC,229,1183,1070.5,19.6,51,47,2,97,4,16,NA,18.92,2,3,19.28,154,133,100,99,52,133,7.864790485,7,5
2202_1030,1030,2,1,6,6,19,N20388,NA,B15430/N14229,2202,18B224-01-01,19-20T635,18A0224-18L221-18-19T548-19T1246-19-20T635,2022,SVREC,240,1182,925.34,18.12,48,49,3,100,4,16,NA,16.65,3,3,19.86,150,134,108,106,75,134,7.899057989,9,10
2202_2001,2001,26,2,1,1,20,N21523,NA,N17504/B15430,2202,18N152-08-06,20T2192,18A0152-18L149-18-19T242-19T1113-20T2192,2022,SVREC,260,20,1211.11,21.69,50,47,3,100,2,16,NA,20.85,1,4,20.31,155,131,114,103,75,131,8.025521695,10,8
2202_2002,2002,2,2,1,1,21,N20388,NA,B15430/N14229,2202,18B224-01-01,19-20T635,18A0224-18L221-18-19T548-19T1246-19-20T635,2022,SVREC,261,21,1274.62,21.08,47,42,1,101,2,16,NA,22.11,3,1,20.96,145,128,110,99,69,128,8.213306852,16,9
2202_2003,2003,20,2,1,1,22,N21510,NA,N15306/N14229,2202,18N118-02-02,20T2079,18A0118-18L116-18-19T75-19T1037-20T2079,2022,SVREC,286,22,1601.21,19.75,49,45,3,101,2,16,NA,28.24,1,3,20.58,148,130,107,104,67,130,7.96908372,20,13
2202_2004,2004,18,2,1,1,23,N21525,NA,N17506/N14229,2202,18N155-06-02,20T2214,18A0155-18L152-18-19T268-19T1126-20T2214,2022,SVREC,287,23,1474.2,19.18,48,48,2,100,2,16,NA,26.19,1,2,17.58,154,145,123,112,80,145,7.250938054,18,6
2202_2005,2005,23,2,1,1,24,N21526,NA,N17506/N14229,2202,18N155-07-02,20T2219,18A0155-18L152-18-19T269-19T1127-20T2219,2022,SVREC,312,24,1614.82,18.86,49,49,2,100,2,16,NA,28.8,1,2,19.52,145,118,104,99,67,118,8.584801237,15,11
2202_2006,2006,13,2,2,2,20,N18103,NA,N13120/PR00806-81,2202,16N103-06-03,17-18T440,16A0103-16L102-16-17T13-17T1006-17-18T440,2022,SVREC,259,381,789.26,20.71,49,41,4,102,3,16,NA,13.76,1,4,21.59,142,120,112,105,71,120,8.674996768,3,10
2202_2007,2007,3,2,2,2,21,N20395,NA,B16504/N17504,2202,18B245-01-01,19-20T769,18A0245-18L241-18-19T681-19T1318-19-20T769,2022,SVREC,262,380,1238.33,19.84,49,50,2,101,3,16,NA,21.82,2,4,19.13,148,136,119,102,75,136,7.850458445,4,5
2202_2008,2008,8,2,2,2,22,N19284,NA,G14505/X16708,2202,16G318-07-R109-01,18-19T1462,16A3002-17L302-18T1919-18-19T1462,2022,SVREC,285,379,1283.69,20.97,52,58,4,102,3,16,NA,22.3,2,3,18.33,141,136,114,106,72,136,7.931629552,5,9
2202_2009,2009,4,2,2,2,23,N19277,NA,N14229/N14218,2202,17N113-05-R109-02,18-19T1452,17A0113-17L143-18T1903-18-19T1452,2022,SVREC,288,378,1555.85,19.06,47,38,1,100,3,16,NA,27.68,1,5,20.01,154,126,105,98,65,126,8.249120429,8,11
2202_2010,2010,27,2,2,2,24,N21524,NA,N17504/B17106,2202,18N153-04-04,20T2196,18A0153-18L150-18-19T248-19T1116-20T2196,2022,SVREC,311,377,1406.16,19.9,49,49,2,100,2,16,NA,24.76,3,3,20.2,153,121,117,96,65,121,7.92193613,13,11
2202_2011,2011,11,2,3,3,20,N18122,NA,N15334/N15335,2202,16N153-02-02,17-18T500,16A0153-16L149-16-17T149-17T1077-17-18T500,2022,SVREC,258,420,821.02,19.78,50,59,3,102,4,16,NA,14.48,3,3,23.99,145,131,108,106,72,131,8.227339951,10,11
2202_2012,2012,12,2,3,3,21,N20384,NA,N14229/N17506,2202,18N108-02-03,19-20T432,18A0108-18L163-18-19T299-19T1138-19-20T432,2022,SVREC,263,421,1301.83,19.16,50,50,3,100,4,16,NA,23.13,3,4,18.33,145,141,109,106,70,141,7.438522658,26,8
2202_2013,2013,7,2,3,3,22,N19246,NA,N15331/N16405,2202,17N136-01-05,18-19T402,17A0136-17L164-17-18T359-18T1110-18-19T402,2022,SVREC,284,422,1642.03,19.04,49,42,3,100,4,16,NA,29.22,1,2,21.07,145,136,106,100,60,136,7.849103819,23,15
2202_2014,2014,17,2,3,3,23,I22001,LIBERTY,LIBERTY,2202,Provita 15095,NA,NA,2022,SVREC,289,423,1388.02,18.98,47,42,2,101,4,16,NA,24.72,2,2,23.3,142,127,105,96,66,127,7.647950887,13,7
2202_2015,2015,24,2,3,3,24,N21514,NA,N15306/N17504,2202,18N121-09-03,20T2102,18A0121-18L119-18-19T102-19T1049-20T2102,2022,SVREC,310,424,1474.2,19.37,50,46,2,100,4,16,NA,26.13,3,2,17.91,145,130,110,102,72,130,8.226193674,16,13
2202_2016,2016,25,2,4,4,20,N21532,NA,B16504/B11519,2202,18B232-03-05,20T2352,18A0232-18L229-18-19T606-19T1278-20T2352,2022,SVREC,257,781,1487.81,19.62,51,49,2,100,4,16,NA,26.29,1,1,20.74,142,125,109,103,61,125,8.229247516,11,12
2202_2017,2017,9,2,4,4,21,N19243,NA,N15331/N16405,2202,17N136-01-01,18-19T398,17A0136-17L164-17-18T359-18T1110-18-19T398,2022,SVREC,264,780,1424.3,19.89,50,43,2,97,4,16,NA,25.08,1,3,22.43,153,143,114,110,61,143,7.509581805,15,7
2202_2018,2018,1,2,4,4,22,N20401,NA,B16505/N17504,2202,18B258-01-01,19-20T803,18A0258-18L254-18-19T754-19T1354-19-20T803,2022,SVREC,283,779,1569.46,19.75,50,52,1,101,4,16,NA,27.68,1,2,19.93,145,126,97,100,53,126,8.487220355,12,13
2202_2019,2019,19,2,4,4,23,N21520,NA,N17504/N14229,2202,18N147-03-02,20T2159,18A0147-18L144-18-19T199-19T1090-20T2159,2022,SVREC,290,778,1424.3,19.2,50,54,1,97,4,16,NA,25.3,2,2,19.33,121,107,86,85,67,107,9.050481199,9,16
2202_2020,2020,16,2,4,4,24,I21920,HMS BOUNTY,HMS BOUNTY,2202,"Provita, 12047",NA,navy,2022,SVREC,309,777,1211.11,19.67,49,46,1,100,4,16,NA,21.38,4,3,19.84,122,105,98,87,60,105,10.13845395,4,20
2202_2021,2021,30,2,5,5,20,N21503,NA,N14218/N17504,2202,18N102-01-01,20T2015,18A0102-18L102-18-19T9-19T1005-20T2015,2022,SVREC,256,820,1324.51,19.94,51,51,2,100,4,16,NA,23.31,2,3,17.01,154,133,113,100,64,133,8.192483535,16,13
2202_2022,2022,6,2,5,5,21,N18105,NA,N13131/N14201,2202,16N107-04-03,17-18T454,16A0107-16L106-16-17T25-17T1013-17-18T454,2022,SVREC,265,821,1610.28,19.14,50,42,2,100,4,16,NA,28.62,2,2,21.35,166,151,112,110,90,151,7.191027825,19,6
2202_2023,2023,29,2,5,5,22,N21513,NA,N15306/N16405,2202,18N120-03-01,20T2096,18A0120-18L118-18-19T90-19T1044-20T2096,2022,SVREC,282,822,1369.87,19.7,51,45,2,99,4,16,NA,24.18,2,3,19.76,149,129,106,108,76,129,8.361708304,9,9
2202_2024,2024,15,2,5,5,23,N11283,ALPENA,"MEDALIST/N08003, ALPENA",2202,09N058 -05-05,NA,NA,2022,SVREC,291,823,1152.14,19.59,49,48,2,100,4,16,NA,20.36,2,3,18.9,130,121,102,96,63,121,8.827115647,14,18
2202_2025,2025,10,2,5,5,24,N20317,NA,N14218/N17504,2202,18N102-06-05,19-20T218,18A0102-18L102-18-19T14-19T1007-19-20T218,2022,SVREC,308,824,1261.01,18.86,52,48,2,97,4,16,NA,22.49,1,3,20.44,160,140,114,109,68,140,7.64330701,11,5
2202_2026,2026,22,2,6,6,20,N21522,NA,N17504/B15430,2202,18N152-08-04,20T2190,18A0152-18L149-18-19T242-19T1113-20T2190,2022,SVREC,255,1181,1256.47,19.92,51,52,2,100,4,16,NA,22.12,3,3,18.42,158,146,116,103,72,146,7.423282104,12,9
2202_2027,2027,14,2,6,6,21,N22639,NA,B19330/B19302,2202,20B289-01-06,21-22T987,20A0289-20L285-20-21T735-21T1445-21-22T987,2022,SVREC,266,1180,1365.34,19.84,50,50,2,99,4,16,NA,24.06,2,2,20.71,135,125,104,102,67,125,8.012510608,16,8
2202_2028,2028,28,2,6,6,22,N21528,NA,N17506/B15430,2202,18N158-01-02,20T2225,18A0158-18L155-18-19T283-19T1132-20T2225,2022,SVREC,281,1179,1088.64,20.55,50,52,3,97,4,16,NA,19.01,3,3,19.92,148,150,107,108,76,150,7.414153755,21,7
2202_2029,2029,5,2,6,6,23,N20404,NA,B16505/N17504,2202,18B258-02-02,19-20T808,18A0258-18L254-18-19T755-19T1355-19-20T808,2022,SVREC,292,1178,1292.76,19.78,49,45,3,96,4,16,NA,22.79,2,3,22.58,140,129,107,106,63,129,8.342764789,5,8
2202_2030,2030,21,2,6,6,24,N21511,NA,N15306/N15337,2202,18N119-06-02,20T2083,18A0119-18L117-18-19T87-19T1042-20T2083,2022,SVREC,307,1177,1319.98,19.73,49,49,2,97,4,16,NA,23.29,1,2,21.7,157,137,116,112,77,137,7.831825131,8,5
2202_3001,3001,30,3,1,7,15,N21503,NA,N14218/N17504,2202,18N102-01-01,20T2015,18A0102-18L102-18-19T9-19T1005-20T2015,2022,SVREC,189,1215,1546.78,19.3,51,45,2,97,5,16,NA,27.44,2,3,17.91,NA,NA,NA,NA,NA,NA,NA,NA,NA
2202_3002,3002,21,3,1,7,16,N21511,NA,N15306/N15337,2202,18N119-06-02,20T2083,18A0119-18L117-18-19T87-19T1042-20T2083,2022,SVREC,202,1216,1428.84,19.59,52,44,2,97,5,16,NA,25.25,2,2,22.56,NA,NA,NA,NA,NA,NA,NA,NA,NA
2202_3003,3003,11,3,1,7,17,N18122,NA,N15334/N15335,2202,16N153-02-02,17-18T500,16A0153-16L149-16-17T149-17T1077-17-18T500,2022,SVREC,215,1217,1111.32,19.62,51,52,2,101,5,16,NA,19.63,2,2,25.38,NA,NA,NA,NA,NA,NA,NA,NA,NA
2202_3004,3004,8,3,1,7,18,N19284,NA,G14505/X16708,2202,16G318-07-R109-01,18-19T1462,16A3002-17L302-18T1919-18-19T1462,2022,SVREC,228,1218,1419.77,19.92,52,51,2,101,5,16,NA,24.99,2,3,19.4,NA,NA,NA,NA,NA,NA,NA,NA,NA
2202_3005,3005,26,3,1,7,19,N21523,NA,N17504/B15430,2202,18N152-08-06,20T2192,18A0152-18L149-18-19T242-19T1113-20T2192,2022,SVREC,241,1219,1301.83,20.2,50,42,2,100,5,16,NA,22.83,3,1,20.14,NA,NA,NA,NA,NA,NA,NA,NA,NA
2202_3006,3006,14,3,2,8,15,N22639,NA,B19330/B19302,2202,20B289-01-06,21-22T987,20A0289-20L285-20-21T735-21T1445-21-22T987,2022,SVREC,190,1586,1287.13,18.24,49,43,1,100,5,16,NA,23.13,2,2,20.62,NA,NA,NA,NA,NA,NA,NA,NA,NA
2202_3007,3007,10,3,2,8,16,N20317,NA,N14218/N17504,2202,18N102-06-05,19-20T218,18A0102-18L102-18-19T14-19T1007-19-20T218,2022,SVREC,201,1585,1446.98,19.32,52,45,2,96,5,16,NA,25.66,2,2,21.41,NA,NA,NA,NA,NA,NA,NA,NA,NA
2202_3008,3008,19,3,2,8,17,N21520,NA,N17504/N14229,2202,18N147-03-02,20T2159,18A0147-18L144-18-19T199-19T1090-20T2159,2022,SVREC,216,1584,1192.97,19.32,50,50,2,100,5,16,NA,21.16,3,1,19.13,NA,NA,NA,NA,NA,NA,NA,NA,NA
2202_3009,3009,2,3,2,8,18,N20388,NA,B15430/N14229,2202,18B224-01-01,19-20T635,18A0224-18L221-18-19T548-19T1246-19-20T635,2022,SVREC,227,1583,907.2,18.77,49,49,2,100,5,16,NA,16.2,4,2,20.88,NA,NA,NA,NA,NA,NA,NA,NA,NA
2202_3010,3010,24,3,2,8,19,N21514,NA,N15306/N17504,2202,18N121-09-03,20T2102,18A0121-18L119-18-19T102-19T1049-20T2102,2022,SVREC,242,1582,1242.86,19.79,50,47,2,99,5,16,NA,21.91,3,2,18.77,NA,NA,NA,NA,NA,NA,NA,NA,NA
2202_3011,3011,4,3,3,9,15,N19277,NA,N14229/N14218,2202,17N113-05-R109-02,18-19T1452,17A0113-17L143-18T1903-18-19T1452,2022,SVREC,191,1615,1936.87,19.4,49,44,2,100,5,16,NA,34.31,1,3,20.58,NA,NA,NA,NA,NA,NA,NA,NA,NA
2202_3012,3012,9,3,3,9,16,N19243,NA,N15331/N16405,2202,17N136-01-01,18-19T398,17A0136-17L164-17-18T359-18T1110-18-19T398,2022,SVREC,200,1616,1496.88,19.99,51,50,1,99,5,16,NA,26.32,2,3,22.01,NA,NA,NA,NA,NA,NA,NA,NA,NA
2202_3013,3013,23,3,3,9,17,N21526,NA,N17506/N14229,2202,18N155-07-02,20T2219,18A0155-18L152-18-19T269-19T1127-20T2219,2022,SVREC,217,1617,1569.46,19.99,52,47,2,100,5,16,NA,27.6,2,2,20.38,NA,NA,NA,NA,NA,NA,NA,NA,NA
2202_3014,3014,5,3,3,9,18,N20404,NA,B16505/N17504,2202,18B258-02-02,19-20T808,18A0258-18L254-18-19T755-19T1355-19-20T808,2022,SVREC,226,1618,1401.62,19.98,51,48,2,96,5,16,NA,24.65,3,2,22.72,NA,NA,NA,NA,NA,NA,NA,NA,NA
2202_3015,3015,17,3,3,9,19,I22001,LIBERTY,LIBERTY,2202,Provita 15095,NA,NA,2022,SVREC,243,1619,1174.82,19.41,49,51,3,100,5,16,NA,20.81,3,2,21.33,NA,NA,NA,NA,NA,NA,NA,NA,NA
2202_3016,3016,22,3,4,10,15,N21522,NA,N17504/B15430,2202,18N152-08-04,20T2190,18A0152-18L149-18-19T242-19T1113-20T2190,2022,SVREC,192,1986,1632.96,19.22,51,50,2,99,5,16,NA,28.99,3,2,21.31,NA,NA,NA,NA,NA,NA,NA,NA,NA
2202_3017,3017,3,3,4,10,16,N20395,NA,B16504/N17504,2202,18B245-01-01,19-20T769,18A0245-18L241-18-19T681-19T1318-19-20T769,2022,SVREC,199,1985,1778.11,19.24,51,49,3,99,5,16,NA,31.56,2,2,21.95,NA,NA,NA,NA,NA,NA,NA,NA,NA
2202_3018,3018,1,3,4,10,17,N20401,NA,B16505/N17504,2202,18B258-01-01,19-20T803,18A0258-18L254-18-19T754-19T1354-19-20T803,2022,SVREC,218,1984,1678.32,20.31,52,49,3,100,5,16,NA,29.4,2,2,21.26,NA,NA,NA,NA,NA,NA,NA,NA,NA
2202_3019,3019,6,3,4,10,18,N18105,NA,N13131/N14201,2202,16N107-04-03,17-18T454,16A0107-16L106-16-17T25-17T1013-17-18T454,2022,SVREC,225,1983,1623.89,19.14,50,55,2,99,5,16,NA,28.86,2,2,21.62,NA,NA,NA,NA,NA,NA,NA,NA,NA
2202_3020,3020,18,3,4,10,19,N21525,NA,N17506/N14229,2202,18N155-06-02,20T2214,18A0155-18L152-18-19T268-19T1126-20T2214,2022,SVREC,244,1982,1474.2,19.4,51,51,2,97,5,16,NA,26.12,3,2,20.12,NA,NA,NA,NA,NA,NA,NA,NA,NA
2202_3021,3021,15,3,5,11,15,N11283,ALPENA,"MEDALIST/N08003, ALPENA",2202,09N058 -05-05,NA,NA,2022,SVREC,193,2015,1619.35,19.78,49,45,2,100,5,16,NA,28.55,2,2,20.87,NA,NA,NA,NA,NA,NA,NA,NA,NA
2202_3022,3022,25,3,5,11,16,N21532,NA,B16504/B11519,2202,18B232-03-05,20T2352,18A0232-18L229-18-19T606-19T1278-20T2352,2022,SVREC,198,2016,1855.22,19.67,51,49,2,101,5,16,NA,32.76,2,2,21.51,NA,NA,NA,NA,NA,NA,NA,NA,NA
2202_3023,3023,13,3,5,11,17,N18103,NA,N13120/PR00806-81,2202,16N103-06-03,17-18T440,16A0103-16L102-16-17T13-17T1006-17-18T440,2022,SVREC,219,2017,1274.62,20.39,50,44,2,100,5,16,NA,22.3,1,3,23.55,NA,NA,NA,NA,NA,NA,NA,NA,NA
2202_3024,3024,12,3,5,11,18,N20384,NA,N14229/N17506,2202,18N108-02-03,19-20T432,18A0108-18L163-18-19T299-19T1138-19-20T432,2022,SVREC,224,2018,1456.06,19.97,51,45,2,98,5,16,NA,25.61,1,2,22.15,NA,NA,NA,NA,NA,NA,NA,NA,NA
2202_3025,3025,20,3,5,11,19,N21510,NA,N15306/N14229,2202,18N118-02-02,20T2079,18A0118-18L116-18-19T75-19T1037-20T2079,2022,SVREC,245,2019,1628.42,19.81,50,45,2,97,5,16,NA,28.7,1,2,20.79,NA,NA,NA,NA,NA,NA,NA,NA,NA
2202_3026,3026,16,3,6,12,15,I21920,HMS BOUNTY,HMS BOUNTY,2202,"Provita, 12047",NA,navy,2022,SVREC,194,2386,1070.5,19.5,49,44,1,101,6,16,NA,18.94,3,1,19.59,NA,NA,NA,NA,NA,NA,NA,NA,NA
2202_3027,3027,28,3,6,12,16,N21528,NA,N17506/B15430,2202,18N158-01-02,20T2225,18A0158-18L155-18-19T283-19T1132-20T2225,2022,SVREC,197,2385,1410.7,20.22,51,54,2,97,6,16,NA,24.74,3,1,22.43,NA,NA,NA,NA,NA,NA,NA,NA,NA
2202_3028,3028,27,3,6,12,17,N21524,NA,N17504/B17106,2202,18N153-04-04,20T2196,18A0153-18L150-18-19T248-19T1116-20T2196,2022,SVREC,220,2384,1183.9,19.52,52,49,2,97,6,16,NA,20.94,3,3,19.31,NA,NA,NA,NA,NA,NA,NA,NA,NA
2202_3029,3029,7,3,6,12,18,N19246,NA,N15331/N16405,2202,17N136-01-05,18-19T402,17A0136-17L164-17-18T359-18T1110-18-19T402,2022,SVREC,223,2383,1469.66,20.07,50,44,2,97,6,16,NA,25.82,3,2,21.89,NA,NA,NA,NA,NA,NA,NA,NA,NA
2202_3030,3030,29,3,6,12,19,N21513,NA,N15306/N16405,2202,18N120-03-01,20T2096,18A0120-18L118-18-19T90-19T1044-20T2096,2022,SVREC,246,2382,1174.82,19.94,51,47,1,97,6,16,NA,20.67,3,1,18.84,NA,NA,NA,NA,NA,NA,NA,NA,NA
2202_4001,4001,22,4,1,7,20,N21522,NA,N17504/B15430,2202,18N152-08-04,20T2190,18A0152-18L149-18-19T242-19T1113-20T2190,2022,SVREC,254,1220,1224.72,19.76,50,51,2,99,5,16,NA,21.6,3,2,18.65,NA,NA,NA,NA,NA,NA,NA,NA,NA
2202_4002,4002,14,4,1,7,21,N22639,NA,B19330/B19302,2202,20B289-01-06,21-22T987,20A0289-20L285-20-21T735-21T1445-21-22T987,2022,SVREC,267,1221,1308.25,18.31,49,50,1,100,5,16,NA,23.49,2,1,20.57,NA,NA,NA,NA,NA,NA,NA,NA,NA
2202_4003,4003,5,4,1,7,22,N20404,NA,B16505/N17504,2202,18B258-02-02,19-20T808,18A0258-18L254-18-19T755-19T1355-19-20T808,2022,SVREC,280,1222,1179.36,19.62,48,47,2,100,5,16,NA,20.84,1,3,20.86,NA,NA,NA,NA,NA,NA,NA,NA,NA
2202_4004,4004,21,4,1,7,23,N21511,NA,N15306/N15337,2202,18N119-06-02,20T2083,18A0119-18L117-18-19T87-19T1042-20T2083,2022,SVREC,293,1223,1233.79,18.91,50,48,2,97,5,16,NA,21.99,2,2,22.36,NA,NA,NA,NA,NA,NA,NA,NA,NA
2202_4005,4005,28,4,1,7,24,N21528,NA,N17506/B15430,2202,18N158-01-02,20T2225,18A0158-18L155-18-19T283-19T1132-20T2225,2022,SVREC,306,1224,1306.37,19.66,52,55,2,100,5,16,NA,23.07,2,2,20.22,NA,NA,NA,NA,NA,NA,NA,NA,NA
2202_4006,4006,6,4,2,8,20,N18105,NA,N13131/N14201,2202,16N107-04-03,17-18T454,16A0107-16L106-16-17T25-17T1013-17-18T454,2022,SVREC,253,1581,1292.76,19.1,50,48,2,100,5,16,NA,22.99,3,2,19.33,NA,NA,NA,NA,NA,NA,NA,NA,NA
2202_4007,4007,29,4,2,8,21,N21513,NA,N15306/N16405,2202,18N120-03-01,20T2096,18A0120-18L118-18-19T90-19T1044-20T2096,2022,SVREC,268,1580,1192.97,19.04,49,47,2,100,5,16,NA,21.23,3,1,19.45,NA,NA,NA,NA,NA,NA,NA,NA,NA
2202_4008,4008,30,4,2,8,22,N21503,NA,N14218/N17504,2202,18N102-01-01,20T2015,18A0102-18L102-18-19T9-19T1005-20T2015,2022,SVREC,279,1579,1369.87,20.02,50,49,2,100,5,16,NA,24.08,2,2,17.97,NA,NA,NA,NA,NA,NA,NA,NA,NA
2202_4009,4009,15,4,2,8,23,N11283,ALPENA,"MEDALIST/N08003, ALPENA",2202,09N058 -05-05,NA,NA,2022,SVREC,294,1578,1265.54,19.13,49,55,2,100,5,16,NA,22.5,2,2,19.18,NA,NA,NA,NA,NA,NA,NA,NA,NA
2202_4010,4010,10,4,2,8,24,N20317,NA,N14218/N17504,2202,18N102-06-05,19-20T218,18A0102-18L102-18-19T14-19T1007-19-20T218,2022,SVREC,305,1577,1319.98,18.8,50,45,2,97,5,16,NA,23.56,2,2,20.51,NA,NA,NA,NA,NA,NA,NA,NA,NA
2202_4011,4011,13,4,3,9,20,N18103,NA,N13120/PR00806-81,2202,16N103-06-03,17-18T440,16A0103-16L102-16-17T13-17T1006-17-18T440,2022,SVREC,252,1620,1310.9,19.67,51,43,2,101,5,16,NA,23.15,3,2,24.01,NA,NA,NA,NA,NA,NA,NA,NA,NA
2202_4012,4012,3,4,3,9,21,N20395,NA,B16504/N17504,2202,18B245-01-01,19-20T769,18A0245-18L241-18-19T681-19T1318-19-20T769,2022,SVREC,269,1621,1583.06,19.55,50,49,1,100,5,16,NA,27.99,2,1,21.79,NA,NA,NA,NA,NA,NA,NA,NA,NA
2202_4013,4013,8,4,3,9,22,N19284,NA,G14505/X16708,2202,16G318-07-R109-01,18-19T1462,16A3002-17L302-18T1919-18-19T1462,2022,SVREC,278,1622,1632.96,19.22,52,56,2,100,5,16,NA,28.99,3,3,18.85,NA,NA,NA,NA,NA,NA,NA,NA,NA
2202_4014,4014,27,4,3,9,23,N21524,NA,N17504/B17106,2202,18N153-04-04,20T2196,18A0153-18L150-18-19T248-19T1116-20T2196,2022,SVREC,295,1623,1578.53,19.79,52,50,3,99,5,16,NA,27.83,2,3,20.74,NA,NA,NA,NA,NA,NA,NA,NA,NA
2202_4015,4015,4,4,3,9,24,N19277,NA,N14229/N14218,2202,17N113-05-R109-02,18-19T1452,17A0113-17L143-18T1903-18-19T1452,2022,SVREC,304,1624,1710.07,19.78,50,50,3,100,5,16,NA,30.15,1,3,20.23,NA,NA,NA,NA,NA,NA,NA,NA,NA
2202_4016,4016,11,4,4,10,20,N18122,NA,N15334/N15335,2202,16N153-02-02,17-18T500,16A0153-16L149-16-17T149-17T1077-17-18T500,2022,SVREC,251,1981,1651.1,19.58,50,58,2,101,5,16,NA,29.19,2,2,26.23,NA,NA,NA,NA,NA,NA,NA,NA,NA
2202_4017,4017,24,4,4,10,21,N21514,NA,N15306/N17504,2202,18N121-09-03,20T2102,18A0121-18L119-18-19T102-19T1049-20T2102,2022,SVREC,270,1980,1746.36,19.59,50,47,2,100,5,16,NA,30.87,2,2,20.64,NA,NA,NA,NA,NA,NA,NA,NA,NA
2202_4018,4018,12,4,4,10,22,N20384,NA,N14229/N17506,2202,18N108-02-03,19-20T432,18A0108-18L163-18-19T299-19T1138-19-20T432,2022,SVREC,277,1979,1487.81,19.38,50,54,2,97,5,16,NA,26.36,1,2,20.21,NA,NA,NA,NA,NA,NA,NA,NA,NA
2202_4019,4019,7,4,4,10,23,N19246,NA,N15331/N16405,2202,17N136-01-05,18-19T402,17A0136-17L164-17-18T359-18T1110-18-19T402,2022,SVREC,296,1978,1705.54,18.59,49,46,2,96,5,16,NA,30.52,1,2,22.1,NA,NA,NA,NA,NA,NA,NA,NA,NA
2202_4020,4020,17,4,4,10,24,I22001,LIBERTY,LIBERTY,2202,Provita 15095,NA,NA,2022,SVREC,303,1977,1578.53,19.39,48,47,2,100,5,16,NA,27.97,2,2,23.46,NA,NA,NA,NA,NA,NA,NA,NA,NA
2202_4021,4021,19,4,5,11,20,N21520,NA,N17504/N14229,2202,18N147-03-02,20T2159,18A0147-18L144-18-19T199-19T1090-20T2159,2022,SVREC,250,2020,1601.21,19.28,51,49,1,97,5,16,NA,28.41,1,2,20.37,NA,NA,NA,NA,NA,NA,NA,NA,NA
2202_4022,4022,16,4,5,11,21,I21920,HMS BOUNTY,HMS BOUNTY,2202,"Provita, 12047",NA,navy,2022,SVREC,271,2021,1170.29,19.12,49,50,2,102,5,16,NA,20.81,3,2,20.79,NA,NA,NA,NA,NA,NA,NA,NA,NA
2202_4023,4023,1,4,5,11,22,N20401,NA,B16505/N17504,2202,18B258-01-01,19-20T803,18A0258-18L254-18-19T754-19T1354-19-20T803,2022,SVREC,276,2022,1592.14,18.71,52,49,2,100,5,16,NA,28.45,1,2,20.99,NA,NA,NA,NA,NA,NA,NA,NA,NA
2202_4024,4024,25,4,5,11,23,N21532,NA,B16504/B11519,2202,18B232-03-05,20T2352,18A0232-18L229-18-19T606-19T1278-20T2352,2022,SVREC,297,2023,1601.21,19.5,50,52,1,99,5,16,NA,28.33,3,1,21.64,NA,NA,NA,NA,NA,NA,NA,NA,NA
2202_4025,4025,9,4,5,11,24,N19243,NA,N15331/N16405,2202,17N136-01-01,18-19T398,17A0136-17L164-17-18T359-18T1110-18-19T398,2022,SVREC,302,2024,1505.95,19.08,50,49,1,96,5,16,NA,26.79,3,1,21.82,NA,NA,NA,NA,NA,NA,NA,NA,NA
2202_4026,4026,2,4,6,12,20,N20388,NA,B15430/N14229,2202,18B224-01-01,19-20T635,18A0224-18L221-18-19T548-19T1246-19-20T635,2022,SVREC,249,2381,1251.94,19.61,49,49,2,97,6,16,NA,22.12,4,3,21.76,NA,NA,NA,NA,NA,NA,NA,NA,NA
2202_4027,4027,23,4,6,12,21,N21526,NA,N17506/N14229,2202,18N155-07-02,20T2219,18A0155-18L152-18-19T269-19T1127-20T2219,2022,SVREC,272,2380,1669.25,20.05,51,48,2,97,6,16,NA,29.33,3,2,20.95,NA,NA,NA,NA,NA,NA,NA,NA,NA
2202_4028,4028,18,4,6,12,22,N21525,NA,N17506/N14229,2202,18N155-06-02,20T2214,18A0155-18L152-18-19T268-19T1126-20T2214,2022,SVREC,275,2379,1270.08,19.19,52,49,2,96,6,16,NA,22.56,4,2,20.41,NA,NA,NA,NA,NA,NA,NA,NA,NA
2202_4029,4029,26,4,6,12,23,N21523,NA,N17504/B15430,2202,18N152-08-06,20T2192,18A0152-18L149-18-19T242-19T1113-20T2192,2022,SVREC,298,2378,1319.98,20.1,52,48,2,97,6,16,NA,23.18,4,2,20.51,NA,NA,NA,NA,NA,NA,NA,NA,NA
2202_4030,4030,20,4,6,12,24,N21510,NA,N15306/N14229,2202,18N118-02-02,20T2079,18A0118-18L116-18-19T75-19T1037-20T2079,2022,SVREC,301,2377,1769.04,19.41,49,50,2,97,5,16,NA,31.34,3,1,22.36,NA,NA,NA,NA,NA,NA,NA,NA,NA
