Global_ID,Plot,ENTRY,REP,IBLK,Rng,Pas,Name,Identity1,Pedigree,Experiment Name,Origin,Selection,Description1,Year,Location,Planter,Harvester,Stand Counts Row 1,Stand Counts Row 2,StandCount_gr
2201_1001,1001,31,1,1,1,3,B21707,NA,B15430/B16504,2201,18B217-09-04,20T2288,18A0217-18L216-18-19T507-19T1227-20T2288,2022,SVREC,27,3,67,69,136
2201_1002,1002,30,1,1,1,4,B21717,NA,B16504/B17106,2201,18B236-07-02,20T2393,18A0236-18L233-18-19T628-19T1291-20T2393,2022,SVREC,52,4,81,77,158
2201_1003,1003,8,1,1,1,5,B20597,NA,B16506/B15430,2201,18B261-02-01,19-20T817,18A0261-18L257-18-19T771-19T1361-19-20T817,2022,SVREC,53,5,75,78,153
2201_1004,1004,1,1,1,1,6,B20536,NA,B15430/B16504,2201,18B217-10-02,19-20T626,18A0217-18L216-18-19T508-19T1228-19-20T626,2022,SVREC,78,6,74,71,145
2201_1005,1005,24,1,1,1,7,B21710,NA,B16501/B15430,2201,18B227-08-03,20T2317,18A0227-18L224-18-19T570-19T1259-20T2317,2022,SVREC,79,7,71,67,138
2201_1006,1006,23,1,1,1,8,B04554,ZORRO,"B00103*/X00822, ZORRO",2201,01B008 -04-01-06,NA,NA,2022,SVREC,104,8,58,56,114
2201_1007,1007,15,1,2,2,3,B19332,NA,B16501/B15464,2201,17B238-02-02,18-19T1098,17A0238-17L253-17-18T732-18T1262-18-19T1098,2022,SVREC,28,330,73,75,153
2201_1008,1008,7,1,2,2,4,B19344,NA,B16506/B16507,2201,17B247-01-04,18-19T1121,17A0247-17L268-17-18T786-18T1277-18-19T1121,2022,SVREC,51,329,63,63,154
2201_1009,1009,26,1,2,2,5,B21714,NA,B16501/B16504,2201,18B228-07-05,20T2336,18A0228-18L225-18-19T579-19T1264-20T2336,2022,SVREC,54,328,79,75,141
2201_1010,1010,28,1,2,2,6,B21724,NA,B17996/B17540,2201,18B344-01-05,20T2585,18A0344-18L337-18-19T998-19T1463-20T2585,2022,SVREC,77,327,77,68,148
2201_1011,1011,29,1,2,2,7,B21713,NA,B16501/B16504,2201,18B228-06-03,20T2328,18A0228-18L225-18-19T578-19T1263-20T2328,2022,SVREC,80,326,73,77,142
2201_1012,1012,2,1,2,2,8,B20599,NA,B16506/B15430,2201,18B261-03-01,19-20T821,18A0261-18L257-18-19T772-19T1362-19-20T821,2022,SVREC,103,325,70,77,157
2201_1013,1013,5,1,3,3,3,B20590,NA,B16505/B16504,2201,18B252-06-01,19-20T787,18A0252-18L248-18-19T727-19T1341-19-20T787,2022,SVREC,29,335,77,79,156
2201_1014,1014,12,1,3,3,4,B20602,NA,B16506/B16504,2201,18B262-05-02,19-20T827,18A0262-18L258-18-19T781-19T1366-19-20T827,2022,SVREC,50,336,85,70,155
2201_1015,1015,3,1,3,3,5,B20591,NA,B16505/B16504,2201,18B252-06-02,19-20T788,18A0252-18L248-18-19T727-19T1341-19-20T788,2022,SVREC,55,337,76,79,155
2201_1016,1016,32,1,3,3,6,B21706,NA,B15430/B16504,2201,18B217-07-06,20T2277,18A0217-18L216-18-19T505-19T1225-20T2277,2022,SVREC,76,338,66,71,137
2201_1017,1017,6,1,3,3,7,B19309,NA,B15414/B16504,2201,17B208-04-02,18-19T1054,17A0208-17L224-17-18T599-18T1223-18-19T1054,2022,SVREC,81,339,81,82,163
2201_1018,1018,10,1,3,3,8,B20549,NA,B16501/B16504,2201,18B228-10-01,19-20T673,18A0228-18L225-18-19T582-19T1266-19-20T673,2022,SVREC,102,340,72,78,150
2201_1019,1019,35,1,4,4,3,B21720,NA,B16505/B16504,2201,18B252-06-05,20T2457,18A0252-18L248-18-19T727-19T1341-20T2457,2022,SVREC,30,662,79,75,122
2201_1020,1020,4,1,4,4,4,B18504,ADAMS,"Zenith//Alpena*/B09197, ADAMS",2201,14B217-02-01-R,NA,14A0217-14L217-14-15T938-15T1117-15-16T41-R109,2022,SVREC,49,661,60,53,121
2201_1021,1021,17,1,4,4,5,B10244,ZENITH,"B04644/ZORRO, ZENITH",2201,08B118 -02-02,NA,NA,2022,SVREC,56,660,66,70,145
2201_1022,1022,33,1,4,4,6,B21715,NA,B16501/B16504,2201,18B228-07-06,20T2337,18A0228-18L225-18-19T579-19T1264-20T2337,2022,SVREC,75,659,66,73,153
2201_1023,1023,18,1,4,4,7,B20542,NA,B16501/B15430,2201,18B227-08-02,19-20T650,18A0227-18L224-18-19T570-19T1259-19-20T650,2022,SVREC,82,658,77,78,142
2201_1024,1024,19,1,4,4,8,B20616,NA,B17106/B17259,2201,18B274-01-05,19-20T850,18A0274-18L268-18-19T816-19T1384-19-20T850,2022,SVREC,101,657,80,73,156
2201_1025,1025,36,1,5,5,3,B21705,NA,B14302/B15430,2201,18B211-05-07,20T2264,18A0211-18L210-18-19T472-19T1209-20T2264,2022,SVREC,31,667,80,82,162
2201_1026,1026,9,1,5,5,4,B20538,NA,B15430/B16504,2201,18B217-12-02,19-20T631,18A0217-18L216-18-19T510-19T1229-19-20T631,2022,SVREC,48,668,71,74,145
2201_1027,1027,22,1,5,5,5,I19703,BLACK BEARD,"BL14506, BLACK BEARD",2201,"Provita, BL14506",NA,BLK,2022,SVREC,57,669,64,72,136
2201_1028,1028,13,1,5,5,6,B20532,NA,B15430/B16504,2201,18B217-08-02,19-20T616,18A0217-18L216-18-19T506-19T1226-19-20T616,2022,SVREC,74,670,65,73,138
2201_1029,1029,27,1,5,5,7,B21712,NA,B16501/B16504,2201,18B228-03-05,20T2325,18A0228-18L225-18-19T575-19T1262-20T2325,2022,SVREC,83,671,77,72,149
2201_1030,1030,34,1,5,5,8,B21711,NA,B16501/B15430,2201,18B227-08-06,20T2320,18A0227-18L224-18-19T570-19T1259-20T2320,2022,SVREC,100,672,66,66,132
2201_1031,1031,16,1,6,6,3,B19340,NA,B16507/B15453,2201,17B249-03-03,18-19T1111,17A0249-17L262-17-18T771-18T1270-18-19T1111,2022,SVREC,32,994,66,61,157
2201_1032,1032,11,1,6,6,4,B20639,NA,B17730/B15430,2201,18B329-08-01,19-20T903,18A0329-18L322-18-19T980-19T1455-19-20T903,2022,SVREC,47,993,67,70,140
2201_1033,1033,25,1,6,6,5,B21708,NA,B15430/B16504,2201,18B217-09-05,20T2289,18A0217-18L216-18-19T507-19T1227-20T2289,2022,SVREC,58,992,69,72,148
2201_1034,1034,14,1,6,6,6,B20617,NA,B17106/N14218,2201,18B280-01-01,19-20T851,18A0280-18L274-18-19T827-19T1390-19-20T851,2022,SVREC,73,991,70,78,135
2201_1035,1035,20,1,6,6,7,B20547,NA,B16501/B16504,2201,18B228-07-01,19-20T666,18A0228-18L225-18-19T579-19T1264-19-20T666,2022,SVREC,84,990,68,79,158
2201_1036,1036,21,1,6,6,8,I21901,NIMBUS,"BL14500, NIMBUS",2201,PROVITA,NA,BLK,2022,SVREC,99,989,27,48,150
2201_2001,2001,9,2,1,1,9,B20538,NA,B15430/B16504,2201,18B217-12-02,19-20T631,18A0217-18L216-18-19T510-19T1229-19-20T631,2022,SVREC,105,9,72,74,146
2201_2002,2002,23,2,1,1,10,B04554,ZORRO,"B00103*/X00822, ZORRO",2201,01B008 -04-01-06,NA,NA,2022,SVREC,130,10,55,71,126
2201_2003,2003,3,2,1,1,11,B20591,NA,B16505/B16504,2201,18B252-06-02,19-20T788,18A0252-18L248-18-19T727-19T1341-19-20T788,2022,SVREC,131,11,76,75,151
2201_2004,2004,20,2,1,1,12,B20547,NA,B16501/B16504,2201,18B228-07-01,19-20T666,18A0228-18L225-18-19T579-19T1264-19-20T666,2022,SVREC,156,12,83,80,163
2201_2005,2005,29,2,1,1,13,B21713,NA,B16501/B16504,2201,18B228-06-03,20T2328,18A0228-18L225-18-19T578-19T1263-20T2328,2022,SVREC,157,13,71,74,145
2201_2006,2006,33,2,1,1,14,B21715,NA,B16501/B16504,2201,18B228-07-06,20T2337,18A0228-18L225-18-19T579-19T1264-20T2337,2022,SVREC,182,14,75,73,148
2201_2007,2007,6,2,2,2,9,B19309,NA,B15414/B16504,2201,17B208-04-02,18-19T1054,17A0208-17L224-17-18T599-18T1223-18-19T1054,2022,SVREC,106,324,76,78,138
2201_2008,2008,34,2,2,2,10,B21711,NA,B16501/B15430,2201,18B227-08-06,20T2320,18A0227-18L224-18-19T570-19T1259-20T2320,2022,SVREC,129,323,66,78,144
2201_2009,2009,18,2,2,2,11,B20542,NA,B16501/B15430,2201,18B227-08-02,19-20T650,18A0227-18L224-18-19T570-19T1259-19-20T650,2022,SVREC,132,322,73,76,121
2201_2010,2010,28,2,2,2,12,B21724,NA,B17996/B17540,2201,18B344-01-05,20T2585,18A0344-18L337-18-19T998-19T1463-20T2585,2022,SVREC,155,321,66,68,140
2201_2011,2011,31,2,2,2,13,B21707,NA,B15430/B16504,2201,18B217-09-04,20T2288,18A0217-18L216-18-19T507-19T1227-20T2288,2022,SVREC,158,320,64,68,155
2201_2012,2012,14,2,2,2,14,B20617,NA,B17106/N14218,2201,18B280-01-01,19-20T851,18A0280-18L274-18-19T827-19T1390-19-20T851,2022,SVREC,181,319,68,87,132
2201_2013,2013,17,2,3,3,9,B10244,ZENITH,"B04644/ZORRO, ZENITH",2201,08B118 -02-02,NA,NA,2022,SVREC,107,341,68,62,130
2201_2014,2014,36,2,3,3,10,B21705,NA,B14302/B15430,2201,18B211-05-07,20T2264,18A0211-18L210-18-19T472-19T1209-20T2264,2022,SVREC,128,342,62,67,129
2201_2015,2015,5,2,3,3,11,B20590,NA,B16505/B16504,2201,18B252-06-01,19-20T787,18A0252-18L248-18-19T727-19T1341-19-20T787,2022,SVREC,133,343,70,73,143
2201_2016,2016,8,2,3,3,12,B20597,NA,B16506/B15430,2201,18B261-02-01,19-20T817,18A0261-18L257-18-19T771-19T1361-19-20T817,2022,SVREC,154,344,57,73,130
2201_2017,2017,2,2,3,3,13,B20599,NA,B16506/B15430,2201,18B261-03-01,19-20T821,18A0261-18L257-18-19T772-19T1362-19-20T821,2022,SVREC,159,345,77,72,149
2201_2018,2018,11,2,3,3,14,B20639,NA,B17730/B15430,2201,18B329-08-01,19-20T903,18A0329-18L322-18-19T980-19T1455-19-20T903,2022,SVREC,180,346,82,80,162
2201_2019,2019,16,2,4,4,9,B19340,NA,B16507/B15453,2201,17B249-03-03,18-19T1111,17A0249-17L262-17-18T771-18T1270-18-19T1111,2022,SVREC,108,656,73,73,151
2201_2020,2020,26,2,4,4,10,B21714,NA,B16501/B16504,2201,18B228-07-05,20T2336,18A0228-18L225-18-19T579-19T1264-20T2336,2022,SVREC,127,655,71,73,125
2201_2021,2021,24,2,4,4,11,B21710,NA,B16501/B15430,2201,18B227-08-03,20T2317,18A0227-18L224-18-19T570-19T1259-20T2317,2022,SVREC,134,654,74,78,157
2201_2022,2022,10,2,4,4,12,B20549,NA,B16501/B16504,2201,18B228-10-01,19-20T673,18A0228-18L225-18-19T582-19T1266-19-20T673,2022,SVREC,153,653,78,84,154
2201_2023,2023,22,2,4,4,13,I19703,BLACK BEARD,"BL14506, BLACK BEARD",2201,"Provita, BL14506",NA,BLK,2022,SVREC,160,652,64,68,158
2201_2024,2024,35,2,4,4,14,B21720,NA,B16505/B16504,2201,18B252-06-05,20T2457,18A0252-18L248-18-19T727-19T1341-20T2457,2022,SVREC,179,651,76,82,132
2201_2025,2025,30,2,5,5,9,B21717,NA,B16504/B17106,2201,18B236-07-02,20T2393,18A0236-18L233-18-19T628-19T1291-20T2393,2022,SVREC,109,673,69,70,139
2201_2026,2026,19,2,5,5,10,B20616,NA,B17106/B17259,2201,18B274-01-05,19-20T850,18A0274-18L268-18-19T816-19T1384-19-20T850,2022,SVREC,126,674,80,73,153
2201_2027,2027,7,2,5,5,11,B19344,NA,B16506/B16507,2201,17B247-01-04,18-19T1121,17A0247-17L268-17-18T786-18T1277-18-19T1121,2022,SVREC,135,675,70,70,140
2201_2028,2028,27,2,5,5,12,B21712,NA,B16501/B16504,2201,18B228-03-05,20T2325,18A0228-18L225-18-19T575-19T1262-20T2325,2022,SVREC,152,676,68,72,140
2201_2029,2029,25,2,5,5,13,B21708,NA,B15430/B16504,2201,18B217-09-05,20T2289,18A0217-18L216-18-19T507-19T1227-20T2289,2022,SVREC,161,677,68,78,146
2201_2030,2030,32,2,5,5,14,B21706,NA,B15430/B16504,2201,18B217-07-06,20T2277,18A0217-18L216-18-19T505-19T1225-20T2277,2022,SVREC,178,678,77,76,153
2201_2031,2031,1,2,6,6,9,B20536,NA,B15430/B16504,2201,18B217-10-02,19-20T626,18A0217-18L216-18-19T508-19T1228-19-20T626,2022,SVREC,110,988,77,77,154
2201_2032,2032,12,2,6,6,10,B20602,NA,B16506/B16504,2201,18B262-05-02,19-20T827,18A0262-18L258-18-19T781-19T1366-19-20T827,2022,SVREC,125,987,75,78,123
2201_2033,2033,15,2,6,6,11,B19332,NA,B16501/B15464,2201,17B238-02-02,18-19T1098,17A0238-17L253-17-18T732-18T1262-18-19T1098,2022,SVREC,136,986,77,74,155
2201_2034,2034,4,2,6,6,12,B18504,ADAMS,"Zenith//Alpena*/B09197, ADAMS",2201,14B217-02-01-R,NA,14A0217-14L217-14-15T938-15T1117-15-16T41-R109,2022,SVREC,151,985,52,47,125
2201_2035,2035,13,2,6,6,13,B20532,NA,B15430/B16504,2201,18B217-08-02,19-20T616,18A0217-18L216-18-19T506-19T1226-19-20T616,2022,SVREC,162,984,78,75,98
2201_2036,2036,21,2,6,6,14,I21901,NIMBUS,"BL14500, NIMBUS",2201,PROVITA,NA,BLK,2022,SVREC,177,983,56,42,153
2201_3001,3001,35,3,1,7,3,B21720,NA,B16505/B16504,2201,18B252-06-05,20T2457,18A0252-18L248-18-19T727-19T1341-20T2457,2022,SVREC,33,999,NA,NA,NA
2201_3002,3002,33,3,1,7,4,B21715,NA,B16501/B16504,2201,18B228-07-06,20T2337,18A0228-18L225-18-19T579-19T1264-20T2337,2022,SVREC,46,1000,NA,NA,NA
2201_3003,3003,19,3,1,7,5,B20616,NA,B17106/B17259,2201,18B274-01-05,19-20T850,18A0274-18L268-18-19T816-19T1384-19-20T850,2022,SVREC,59,1001,NA,NA,NA
2201_3004,3004,18,3,1,7,6,B20542,NA,B16501/B15430,2201,18B227-08-02,19-20T650,18A0227-18L224-18-19T570-19T1259-19-20T650,2022,SVREC,72,1002,NA,NA,NA
2201_3005,3005,17,3,1,7,7,B10244,ZENITH,"B04644/ZORRO, ZENITH",2201,08B118 -02-02,NA,NA,2022,SVREC,85,1003,NA,NA,NA
2201_3006,3006,4,3,1,7,8,B18504,ADAMS,"Zenith//Alpena*/B09197, ADAMS",2201,14B217-02-01-R,NA,14A0217-14L217-14-15T938-15T1117-15-16T41-R109,2022,SVREC,98,1004,NA,NA,NA
2201_3007,3007,21,3,2,8,3,I21901,NIMBUS,"BL14500, NIMBUS",2201,PROVITA,NA,BLK,2022,SVREC,34,1326,NA,NA,NA
2201_3008,3008,25,3,2,8,4,B21708,NA,B15430/B16504,2201,18B217-09-05,20T2289,18A0217-18L216-18-19T507-19T1227-20T2289,2022,SVREC,45,1325,NA,NA,NA
2201_3009,3009,11,3,2,8,5,B20639,NA,B17730/B15430,2201,18B329-08-01,19-20T903,18A0329-18L322-18-19T980-19T1455-19-20T903,2022,SVREC,60,1324,NA,NA,NA
2201_3010,3010,14,3,2,8,6,B20617,NA,B17106/N14218,2201,18B280-01-01,19-20T851,18A0280-18L274-18-19T827-19T1390-19-20T851,2022,SVREC,71,1323,NA,NA,NA
2201_3011,3011,16,3,2,8,7,B19340,NA,B16507/B15453,2201,17B249-03-03,18-19T1111,17A0249-17L262-17-18T771-18T1270-18-19T1111,2022,SVREC,86,1322,NA,NA,NA
2201_3012,3012,20,3,2,8,8,B20547,NA,B16501/B16504,2201,18B228-07-01,19-20T666,18A0228-18L225-18-19T579-19T1264-19-20T666,2022,SVREC,97,1321,NA,NA,NA
2201_3013,3013,22,3,3,9,3,I19703,BLACK BEARD,"BL14506, BLACK BEARD",2201,"Provita, BL14506",NA,BLK,2022,SVREC,35,1331,NA,NA,NA
2201_3014,3014,34,3,3,9,4,B21711,NA,B16501/B15430,2201,18B227-08-06,20T2320,18A0227-18L224-18-19T570-19T1259-20T2320,2022,SVREC,44,1332,NA,NA,NA
2201_3015,3015,9,3,3,9,5,B20538,NA,B15430/B16504,2201,18B217-12-02,19-20T631,18A0217-18L216-18-19T510-19T1229-19-20T631,2022,SVREC,61,1333,NA,NA,NA
2201_3016,3016,13,3,3,9,6,B20532,NA,B15430/B16504,2201,18B217-08-02,19-20T616,18A0217-18L216-18-19T506-19T1226-19-20T616,2022,SVREC,70,1334,NA,NA,NA
2201_3017,3017,36,3,3,9,7,B21705,NA,B14302/B15430,2201,18B211-05-07,20T2264,18A0211-18L210-18-19T472-19T1209-20T2264,2022,SVREC,87,1335,NA,NA,NA
2201_3018,3018,27,3,3,9,8,B21712,NA,B16501/B16504,2201,18B228-03-05,20T2325,18A0228-18L225-18-19T575-19T1262-20T2325,2022,SVREC,96,1336,NA,NA,NA
2201_3019,3019,8,3,4,10,3,B20597,NA,B16506/B15430,2201,18B261-02-01,19-20T817,18A0261-18L257-18-19T771-19T1361-19-20T817,2022,SVREC,36,1658,NA,NA,NA
2201_3020,3020,23,3,4,10,4,B04554,ZORRO,"B00103*/X00822, ZORRO",2201,01B008 -04-01-06,NA,NA,2022,SVREC,43,1657,NA,NA,NA
2201_3021,3021,24,3,4,10,5,B21710,NA,B16501/B15430,2201,18B227-08-03,20T2317,18A0227-18L224-18-19T570-19T1259-20T2317,2022,SVREC,62,1656,NA,NA,NA
2201_3022,3022,1,3,4,10,6,B20536,NA,B15430/B16504,2201,18B217-10-02,19-20T626,18A0217-18L216-18-19T508-19T1228-19-20T626,2022,SVREC,69,1655,NA,NA,NA
2201_3023,3023,31,3,4,10,7,B21707,NA,B15430/B16504,2201,18B217-09-04,20T2288,18A0217-18L216-18-19T507-19T1227-20T2288,2022,SVREC,88,1654,NA,NA,NA
2201_3024,3024,30,3,4,10,8,B21717,NA,B16504/B17106,2201,18B236-07-02,20T2393,18A0236-18L233-18-19T628-19T1291-20T2393,2022,SVREC,95,1653,NA,NA,NA
2201_3025,3025,3,3,5,11,3,B20591,NA,B16505/B16504,2201,18B252-06-02,19-20T788,18A0252-18L248-18-19T727-19T1341-19-20T788,2022,SVREC,37,1663,NA,NA,NA
2201_3026,3026,12,3,5,11,4,B20602,NA,B16506/B16504,2201,18B262-05-02,19-20T827,18A0262-18L258-18-19T781-19T1366-19-20T827,2022,SVREC,42,1664,NA,NA,NA
2201_3027,3027,32,3,5,11,5,B21706,NA,B15430/B16504,2201,18B217-07-06,20T2277,18A0217-18L216-18-19T505-19T1225-20T2277,2022,SVREC,63,1665,NA,NA,NA
2201_3028,3028,10,3,5,11,6,B20549,NA,B16501/B16504,2201,18B228-10-01,19-20T673,18A0228-18L225-18-19T582-19T1266-19-20T673,2022,SVREC,68,1666,NA,NA,NA
2201_3029,3029,6,3,5,11,7,B19309,NA,B15414/B16504,2201,17B208-04-02,18-19T1054,17A0208-17L224-17-18T599-18T1223-18-19T1054,2022,SVREC,89,1667,NA,NA,NA
2201_3030,3030,5,3,5,11,8,B20590,NA,B16505/B16504,2201,18B252-06-01,19-20T787,18A0252-18L248-18-19T727-19T1341-19-20T787,2022,SVREC,94,1668,NA,NA,NA
2201_3031,3031,7,3,6,12,3,B19344,NA,B16506/B16507,2201,17B247-01-04,18-19T1121,17A0247-17L268-17-18T786-18T1277-18-19T1121,2022,SVREC,38,1990,NA,NA,NA
2201_3032,3032,26,3,6,12,4,B21714,NA,B16501/B16504,2201,18B228-07-05,20T2336,18A0228-18L225-18-19T579-19T1264-20T2336,2022,SVREC,41,1989,NA,NA,NA
2201_3033,3033,2,3,6,12,5,B20599,NA,B16506/B15430,2201,18B261-03-01,19-20T821,18A0261-18L257-18-19T772-19T1362-19-20T821,2022,SVREC,64,1988,NA,NA,NA
2201_3034,3034,29,3,6,12,6,B21713,NA,B16501/B16504,2201,18B228-06-03,20T2328,18A0228-18L225-18-19T578-19T1263-20T2328,2022,SVREC,67,1987,NA,NA,NA
2201_3035,3035,28,3,6,12,7,B21724,NA,B17996/B17540,2201,18B344-01-05,20T2585,18A0344-18L337-18-19T998-19T1463-20T2585,2022,SVREC,90,1986,NA,NA,NA
2201_3036,3036,15,3,6,12,8,B19332,NA,B16501/B15464,2201,17B238-02-02,18-19T1098,17A0238-17L253-17-18T732-18T1262-18-19T1098,2022,SVREC,93,1985,NA,NA,NA
2201_4001,4001,27,4,1,7,9,B21712,NA,B16501/B16504,2201,18B228-03-05,20T2325,18A0228-18L225-18-19T575-19T1262-20T2325,2022,SVREC,111,1005,NA,NA,NA
2201_4002,4002,19,4,1,7,10,B20616,NA,B17106/B17259,2201,18B274-01-05,19-20T850,18A0274-18L268-18-19T816-19T1384-19-20T850,2022,SVREC,124,1006,NA,NA,NA
2201_4003,4003,25,4,1,7,11,B21708,NA,B15430/B16504,2201,18B217-09-05,20T2289,18A0217-18L216-18-19T507-19T1227-20T2289,2022,SVREC,137,1007,NA,NA,NA
2201_4004,4004,30,4,1,7,12,B21717,NA,B16504/B17106,2201,18B236-07-02,20T2393,18A0236-18L233-18-19T628-19T1291-20T2393,2022,SVREC,150,1008,NA,NA,NA
2201_4005,4005,7,4,1,7,13,B19344,NA,B16506/B16507,2201,17B247-01-04,18-19T1121,17A0247-17L268-17-18T786-18T1277-18-19T1121,2022,SVREC,163,1009,NA,NA,NA
2201_4006,4006,32,4,1,7,14,B21706,NA,B15430/B16504,2201,18B217-07-06,20T2277,18A0217-18L216-18-19T505-19T1225-20T2277,2022,SVREC,176,1010,NA,NA,NA
2201_4007,4007,14,4,2,8,9,B20617,NA,B17106/N14218,2201,18B280-01-01,19-20T851,18A0280-18L274-18-19T827-19T1390-19-20T851,2022,SVREC,112,1320,NA,NA,NA
2201_4008,4008,34,4,2,8,10,B21711,NA,B16501/B15430,2201,18B227-08-06,20T2320,18A0227-18L224-18-19T570-19T1259-20T2320,2022,SVREC,123,1319,NA,NA,NA
2201_4009,4009,6,4,2,8,11,B19309,NA,B15414/B16504,2201,17B208-04-02,18-19T1054,17A0208-17L224-17-18T599-18T1223-18-19T1054,2022,SVREC,138,1318,NA,NA,NA
2201_4010,4010,28,4,2,8,12,B21724,NA,B17996/B17540,2201,18B344-01-05,20T2585,18A0344-18L337-18-19T998-19T1463-20T2585,2022,SVREC,149,1317,NA,NA,NA
2201_4011,4011,31,4,2,8,13,B21707,NA,B15430/B16504,2201,18B217-09-04,20T2288,18A0217-18L216-18-19T507-19T1227-20T2288,2022,SVREC,164,1316,NA,NA,NA
2201_4012,4012,18,4,2,8,14,B20542,NA,B16501/B15430,2201,18B227-08-02,19-20T650,18A0227-18L224-18-19T570-19T1259-19-20T650,2022,SVREC,175,1315,NA,NA,NA
2201_4013,4013,11,4,3,9,9,B20639,NA,B17730/B15430,2201,18B329-08-01,19-20T903,18A0329-18L322-18-19T980-19T1455-19-20T903,2022,SVREC,113,1337,NA,NA,NA
2201_4014,4014,2,4,3,9,10,B20599,NA,B16506/B15430,2201,18B261-03-01,19-20T821,18A0261-18L257-18-19T772-19T1362-19-20T821,2022,SVREC,122,1338,NA,NA,NA
2201_4015,4015,17,4,3,9,11,B10244,ZENITH,"B04644/ZORRO, ZENITH",2201,08B118 -02-02,NA,NA,2022,SVREC,139,1339,NA,NA,NA
2201_4016,4016,36,4,3,9,12,B21705,NA,B14302/B15430,2201,18B211-05-07,20T2264,18A0211-18L210-18-19T472-19T1209-20T2264,2022,SVREC,148,1340,NA,NA,NA
2201_4017,4017,5,4,3,9,13,B20590,NA,B16505/B16504,2201,18B252-06-01,19-20T787,18A0252-18L248-18-19T727-19T1341-19-20T787,2022,SVREC,165,1341,NA,NA,NA
2201_4018,4018,8,4,3,9,14,B20597,NA,B16506/B15430,2201,18B261-02-01,19-20T817,18A0261-18L257-18-19T771-19T1361-19-20T817,2022,SVREC,174,1342,NA,NA,NA
2201_4019,4019,23,4,4,10,9,B04554,ZORRO,"B00103*/X00822, ZORRO",2201,01B008 -04-01-06,NA,NA,2022,SVREC,114,1652,NA,NA,NA
2201_4020,4020,20,4,4,10,10,B20547,NA,B16501/B16504,2201,18B228-07-01,19-20T666,18A0228-18L225-18-19T579-19T1264-19-20T666,2022,SVREC,121,1651,NA,NA,NA
2201_4021,4021,29,4,4,10,11,B21713,NA,B16501/B16504,2201,18B228-06-03,20T2328,18A0228-18L225-18-19T578-19T1263-20T2328,2022,SVREC,140,1650,NA,NA,NA
2201_4022,4022,33,4,4,10,12,B21715,NA,B16501/B16504,2201,18B228-07-06,20T2337,18A0228-18L225-18-19T579-19T1264-20T2337,2022,SVREC,147,1649,NA,NA,NA
2201_4023,4023,9,4,4,10,13,B20538,NA,B15430/B16504,2201,18B217-12-02,19-20T631,18A0217-18L216-18-19T510-19T1229-19-20T631,2022,SVREC,166,1648,NA,NA,NA
2201_4024,4024,3,4,4,10,14,B20591,NA,B16505/B16504,2201,18B252-06-02,19-20T788,18A0252-18L248-18-19T727-19T1341-19-20T788,2022,SVREC,173,1647,NA,NA,NA
2201_4025,4025,10,4,5,11,9,B20549,NA,B16501/B16504,2201,18B228-10-01,19-20T673,18A0228-18L225-18-19T582-19T1266-19-20T673,2022,SVREC,115,1669,NA,NA,NA
2201_4026,4026,35,4,5,11,10,B21720,NA,B16505/B16504,2201,18B252-06-05,20T2457,18A0252-18L248-18-19T727-19T1341-20T2457,2022,SVREC,120,1670,NA,NA,NA
2201_4027,4027,16,4,5,11,11,B19340,NA,B16507/B15453,2201,17B249-03-03,18-19T1111,17A0249-17L262-17-18T771-18T1270-18-19T1111,2022,SVREC,141,1671,NA,NA,NA
2201_4028,4028,24,4,5,11,12,B21710,NA,B16501/B15430,2201,18B227-08-03,20T2317,18A0227-18L224-18-19T570-19T1259-20T2317,2022,SVREC,146,1672,NA,NA,NA
2201_4029,4029,22,4,5,11,13,I19703,BLACK BEARD,"BL14506, BLACK BEARD",2201,"Provita, BL14506",NA,BLK,2022,SVREC,167,1673,NA,NA,NA
2201_4030,4030,26,4,5,11,14,B21714,NA,B16501/B16504,2201,18B228-07-05,20T2336,18A0228-18L225-18-19T579-19T1264-20T2336,2022,SVREC,172,1674,NA,NA,NA
2201_4031,4031,1,4,6,12,9,B20536,NA,B15430/B16504,2201,18B217-10-02,19-20T626,18A0217-18L216-18-19T508-19T1228-19-20T626,2022,SVREC,116,1984,NA,NA,NA
2201_4032,4032,12,4,6,12,10,B20602,NA,B16506/B16504,2201,18B262-05-02,19-20T827,18A0262-18L258-18-19T781-19T1366-19-20T827,2022,SVREC,119,1983,NA,NA,NA
2201_4033,4033,4,4,6,12,11,B18504,ADAMS,"Zenith//Alpena*/B09197, ADAMS",2201,14B217-02-01-R,NA,14A0217-14L217-14-15T938-15T1117-15-16T41-R109,2022,SVREC,142,1982,NA,NA,NA
2201_4034,4034,13,4,6,12,12,B20532,NA,B15430/B16504,2201,18B217-08-02,19-20T616,18A0217-18L216-18-19T506-19T1226-19-20T616,2022,SVREC,145,1981,NA,NA,NA
2201_4035,4035,21,4,6,12,13,I21901,NIMBUS,"BL14500, NIMBUS",2201,PROVITA,NA,BLK,2022,SVREC,168,1980,NA,NA,NA
2201_4036,4036,15,4,6,12,14,B19332,NA,B16501/B15464,2201,17B238-02-02,18-19T1098,17A0238-17L253-17-18T732-18T1262-18-19T1098,2022,SVREC,171,1979,NA,NA,NA
2202_1001,1001,13,1,1,1,15,N18103,NA,N13120/PR00806-81,2202,16N103-06-03,17-18T440,16A0103-16L102-16-17T13-17T1006-17-18T440,2022,SVREC,183,15,74,71,145
2202_1002,1002,20,1,1,1,16,N21510,NA,N15306/N14229,2202,18N118-02-02,20T2079,18A0118-18L116-18-19T75-19T1037-20T2079,2022,SVREC,208,16,75,74,149
2202_1003,1003,15,1,1,1,17,N11283,ALPENA,"MEDALIST/N08003, ALPENA",2202,09N058 -05-05,NA,NA,2022,SVREC,209,17,66,53,119
2202_1004,1004,25,1,1,1,18,N21532,NA,B16504/B11519,2202,18B232-03-05,20T2352,18A0232-18L229-18-19T606-19T1278-20T2352,2022,SVREC,234,18,76,77,153
2202_1005,1005,12,1,1,1,19,N20384,NA,N14229/N17506,2202,18N108-02-03,19-20T432,18A0108-18L163-18-19T299-19T1138-19-20T432,2022,SVREC,235,19,74,87,161
2202_1006,1006,7,1,2,2,15,N19246,NA,N15331/N16405,2202,17N136-01-05,18-19T402,17A0136-17L164-17-18T359-18T1110-18-19T402,2022,SVREC,184,318,76,64,134
2202_1007,1007,16,1,2,2,16,I21920,HMS BOUNTY,HMS BOUNTY,2202,"Provita, 12047",NA,navy,2022,SVREC,207,317,62,59,149
2202_1008,1008,28,1,2,2,17,N21528,NA,N17506/B15430,2202,18N158-01-02,20T2225,18A0158-18L155-18-19T283-19T1132-20T2225,2022,SVREC,210,316,70,74,144
2202_1009,1009,27,1,2,2,18,N21524,NA,N17504/B17106,2202,18N153-04-04,20T2196,18A0153-18L150-18-19T248-19T1116-20T2196,2022,SVREC,233,315,69,69,154
2202_1010,1010,29,1,2,2,19,N21513,NA,N15306/N16405,2202,18N120-03-01,20T2096,18A0120-18L118-18-19T90-19T1044-20T2096,2022,SVREC,236,314,83,74,147
2202_1011,1011,22,1,3,3,15,N21522,NA,N17504/B15430,2202,18N152-08-04,20T2190,18A0152-18L149-18-19T242-19T1113-20T2190,2022,SVREC,185,347,81,70,151
2202_1012,1012,18,1,3,3,16,N21525,NA,N17506/N14229,2202,18N155-06-02,20T2214,18A0155-18L152-18-19T268-19T1126-20T2214,2022,SVREC,206,348,68,75,143
2202_1013,1013,6,1,3,3,17,N18105,NA,N13131/N14201,2202,16N107-04-03,17-18T454,16A0107-16L106-16-17T25-17T1013-17-18T454,2022,SVREC,211,349,80,78,158
2202_1014,1014,1,1,3,3,18,N20401,NA,B16505/N17504,2202,18B258-01-01,19-20T803,18A0258-18L254-18-19T754-19T1354-19-20T803,2022,SVREC,232,350,69,76,145
2202_1015,1015,3,1,3,3,19,N20395,NA,B16504/N17504,2202,18B245-01-01,19-20T769,18A0245-18L241-18-19T681-19T1318-19-20T769,2022,SVREC,237,351,74,77,151
2202_1016,1016,4,1,4,4,15,N19277,NA,N14229/N14218,2202,17N113-05-R109-02,18-19T1452,17A0113-17L143-18T1903-18-19T1452,2022,SVREC,186,650,78,76,162
2202_1017,1017,9,1,4,4,16,N19243,NA,N15331/N16405,2202,17N136-01-01,18-19T398,17A0136-17L164-17-18T359-18T1110-18-19T398,2022,SVREC,205,649,78,79,152
2202_1018,1018,17,1,4,4,17,I22001,LIBERTY,LIBERTY,2202,Provita 15095,NA,NA,2022,SVREC,212,648,56,69,144
2202_1019,1019,23,1,4,4,18,N21526,NA,N17506/N14229,2202,18N155-07-02,20T2219,18A0155-18L152-18-19T269-19T1127-20T2219,2022,SVREC,231,647,73,78,146
2202_1020,1020,5,1,4,4,19,N20404,NA,B16505/N17504,2202,18B258-02-02,19-20T808,18A0258-18L254-18-19T755-19T1355-19-20T808,2022,SVREC,238,646,73,83,153
2202_1021,1021,21,1,5,5,15,N21511,NA,N15306/N15337,2202,18N119-06-02,20T2083,18A0119-18L117-18-19T87-19T1042-20T2083,2022,SVREC,187,679,79,73,152
2202_1022,1022,11,1,5,5,16,N18122,NA,N15334/N15335,2202,16N153-02-02,17-18T500,16A0153-16L149-16-17T149-17T1077-17-18T500,2022,SVREC,204,680,77,80,157
2202_1023,1023,30,1,5,5,17,N21503,NA,N14218/N17504,2202,18N102-01-01,20T2015,18A0102-18L102-18-19T9-19T1005-20T2015,2022,SVREC,213,681,67,78,145
2202_1024,1024,8,1,5,5,18,N19284,NA,G14505/X16708,2202,16G318-07-R109-01,18-19T1462,16A3002-17L302-18T1919-18-19T1462,2022,SVREC,230,682,76,77,153
2202_1025,1025,26,1,5,5,19,N21523,NA,N17504/B15430,2202,18N152-08-06,20T2192,18A0152-18L149-18-19T242-19T1113-20T2192,2022,SVREC,239,683,75,82,157
2202_1026,1026,19,1,6,6,15,N21520,NA,N17504/N14229,2202,18N147-03-02,20T2159,18A0147-18L144-18-19T199-19T1090-20T2159,2022,SVREC,188,982,62,63,99
2202_1027,1027,24,1,6,6,16,N21514,NA,N15306/N17504,2202,18N121-09-03,20T2102,18A0121-18L119-18-19T102-19T1049-20T2102,2022,SVREC,203,981,78,77,151
2202_1028,1028,14,1,6,6,17,N22639,NA,B19330/B19302,2202,20B289-01-06,21-22T987,20A0289-20L285-20-21T735-21T1445-21-22T987,2022,SVREC,214,980,62,61,153
2202_1029,1029,10,1,6,6,18,N20317,NA,N14218/N17504,2202,18N102-06-05,19-20T218,18A0102-18L102-18-19T14-19T1007-19-20T218,2022,SVREC,229,979,76,78,154
2202_1030,1030,2,1,6,6,19,N20388,NA,B15430/N14229,2202,18B224-01-01,19-20T635,18A0224-18L221-18-19T548-19T1246-19-20T635,2022,SVREC,240,978,78,72,75
2202_2001,2001,26,2,1,1,20,N21523,NA,N17504/B15430,2202,18N152-08-06,20T2192,18A0152-18L149-18-19T242-19T1113-20T2192,2022,SVREC,260,20,77,78,155
2202_2002,2002,2,2,1,1,21,N20388,NA,B15430/N14229,2202,18B224-01-01,19-20T635,18A0224-18L221-18-19T548-19T1246-19-20T635,2022,SVREC,261,21,79,66,145
2202_2003,2003,20,2,1,1,22,N21510,NA,N15306/N14229,2202,18N118-02-02,20T2079,18A0118-18L116-18-19T75-19T1037-20T2079,2022,SVREC,286,22,79,69,148
2202_2004,2004,18,2,1,1,23,N21525,NA,N17506/N14229,2202,18N155-06-02,20T2214,18A0155-18L152-18-19T268-19T1126-20T2214,2022,SVREC,287,23,78,76,154
2202_2005,2005,23,2,1,1,24,N21526,NA,N17506/N14229,2202,18N155-07-02,20T2219,18A0155-18L152-18-19T269-19T1127-20T2219,2022,SVREC,312,24,72,73,145
2202_2006,2006,13,2,2,2,20,N18103,NA,N13120/PR00806-81,2202,16N103-06-03,17-18T440,16A0103-16L102-16-17T13-17T1006-17-18T440,2022,SVREC,259,313,76,66,150
2202_2007,2007,3,2,2,2,21,N20395,NA,B16504/N17504,2202,18B245-01-01,19-20T769,18A0245-18L241-18-19T681-19T1318-19-20T769,2022,SVREC,262,312,75,73,145
2202_2008,2008,8,2,2,2,22,N19284,NA,G14505/X16708,2202,16G318-07-R109-01,18-19T1462,16A3002-17L302-18T1919-18-19T1462,2022,SVREC,285,311,72,69,154
2202_2009,2009,4,2,2,2,23,N19277,NA,N14229/N14218,2202,17N113-05-R109-02,18-19T1452,17A0113-17L143-18T1903-18-19T1452,2022,SVREC,288,310,78,76,126
2202_2010,2010,27,2,2,2,24,N21524,NA,N17504/B17106,2202,18N153-04-04,20T2196,18A0153-18L150-18-19T248-19T1116-20T2196,2022,SVREC,311,309,76,77,148
2202_2011,2011,11,2,3,3,20,N18122,NA,N15334/N15335,2202,16N153-02-02,17-18T500,16A0153-16L149-16-17T149-17T1077-17-18T500,2022,SVREC,258,352,69,76,145
2202_2012,2012,12,2,3,3,21,N20384,NA,N14229/N17506,2202,18N108-02-03,19-20T432,18A0108-18L163-18-19T299-19T1138-19-20T432,2022,SVREC,263,353,68,77,145
2202_2013,2013,7,2,3,3,22,N19246,NA,N15331/N16405,2202,17N136-01-05,18-19T402,17A0136-17L164-17-18T359-18T1110-18-19T402,2022,SVREC,284,354,73,72,145
2202_2014,2014,17,2,3,3,23,I22001,LIBERTY,LIBERTY,2202,Provita 15095,NA,NA,2022,SVREC,289,355,70,72,142
2202_2015,2015,24,2,3,3,24,N21514,NA,N15306/N17504,2202,18N121-09-03,20T2102,18A0121-18L119-18-19T102-19T1049-20T2102,2022,SVREC,310,356,77,68,145
2202_2016,2016,25,2,4,4,20,N21532,NA,B16504/B11519,2202,18B232-03-05,20T2352,18A0232-18L229-18-19T606-19T1278-20T2352,2022,SVREC,257,645,68,74,155
2202_2017,2017,9,2,4,4,21,N19243,NA,N15331/N16405,2202,17N136-01-01,18-19T398,17A0136-17L164-17-18T359-18T1110-18-19T398,2022,SVREC,264,644,74,79,139
2202_2018,2018,1,2,4,4,22,N20401,NA,B16505/N17504,2202,18B258-01-01,19-20T803,18A0258-18L254-18-19T754-19T1354-19-20T803,2022,SVREC,283,643,75,70,136
2202_2019,2019,19,2,4,4,23,N21520,NA,N17504/N14229,2202,18N147-03-02,20T2159,18A0147-18L144-18-19T199-19T1090-20T2159,2022,SVREC,290,642,64,57,113
2202_2020,2020,16,2,4,4,24,I21920,HMS BOUNTY,HMS BOUNTY,2202,"Provita, 12047",NA,navy,2022,SVREC,309,641,58,64,154
2202_2021,2021,30,2,5,5,20,N21503,NA,N14218/N17504,2202,18N102-01-01,20T2015,18A0102-18L102-18-19T9-19T1005-20T2015,2022,SVREC,256,684,72,82,154
2202_2022,2022,6,2,5,5,21,N18105,NA,N13131/N14201,2202,16N107-04-03,17-18T454,16A0107-16L106-16-17T25-17T1013-17-18T454,2022,SVREC,265,685,80,86,166
2202_2023,2023,29,2,5,5,22,N21513,NA,N15306/N16405,2202,18N120-03-01,20T2096,18A0120-18L118-18-19T90-19T1044-20T2096,2022,SVREC,282,686,71,78,149
2202_2024,2024,15,2,5,5,23,N11283,ALPENA,"MEDALIST/N08003, ALPENA",2202,09N058 -05-05,NA,NA,2022,SVREC,291,687,57,73,130
2202_2025,2025,10,2,5,5,24,N20317,NA,N14218/N17504,2202,18N102-06-05,19-20T218,18A0102-18L102-18-19T14-19T1007-19-20T218,2022,SVREC,308,688,78,82,160
2202_2026,2026,22,2,6,6,20,N21522,NA,N17504/B15430,2202,18N152-08-04,20T2190,18A0152-18L149-18-19T242-19T1113-20T2190,2022,SVREC,255,977,81,77,147
2202_2027,2027,14,2,6,6,21,N22639,NA,B19330/B19302,2202,20B289-01-06,21-22T987,20A0289-20L285-20-21T735-21T1445-21-22T987,2022,SVREC,266,976,62,73,148
2202_2028,2028,28,2,6,6,22,N21528,NA,N17506/B15430,2202,18N158-01-02,20T2225,18A0158-18L155-18-19T283-19T1132-20T2225,2022,SVREC,281,975,72,76,141
2202_2029,2029,5,2,6,6,23,N20404,NA,B16505/N17504,2202,18B258-02-02,19-20T808,18A0258-18L254-18-19T755-19T1355-19-20T808,2022,SVREC,292,974,70,70,137
2202_2030,2030,21,2,6,6,24,N21511,NA,N15306/N15337,2202,18N119-06-02,20T2083,18A0119-18L117-18-19T87-19T1042-20T2083,2022,SVREC,307,973,74,83,127
2202_3001,3001,30,3,1,7,15,N21503,NA,N14218/N17504,2202,18N102-01-01,20T2015,18A0102-18L102-18-19T9-19T1005-20T2015,2022,SVREC,189,1011,NA,NA,NA
2202_3002,3002,21,3,1,7,16,N21511,NA,N15306/N15337,2202,18N119-06-02,20T2083,18A0119-18L117-18-19T87-19T1042-20T2083,2022,SVREC,202,1012,NA,NA,NA
2202_3003,3003,11,3,1,7,17,N18122,NA,N15334/N15335,2202,16N153-02-02,17-18T500,16A0153-16L149-16-17T149-17T1077-17-18T500,2022,SVREC,215,1013,NA,NA,NA
2202_3004,3004,8,3,1,7,18,N19284,NA,G14505/X16708,2202,16G318-07-R109-01,18-19T1462,16A3002-17L302-18T1919-18-19T1462,2022,SVREC,228,1014,NA,NA,NA
2202_3005,3005,26,3,1,7,19,N21523,NA,N17504/B15430,2202,18N152-08-06,20T2192,18A0152-18L149-18-19T242-19T1113-20T2192,2022,SVREC,241,1015,NA,NA,NA
2202_3006,3006,14,3,2,8,15,N22639,NA,B19330/B19302,2202,20B289-01-06,21-22T987,20A0289-20L285-20-21T735-21T1445-21-22T987,2022,SVREC,190,1314,NA,NA,NA
2202_3007,3007,10,3,2,8,16,N20317,NA,N14218/N17504,2202,18N102-06-05,19-20T218,18A0102-18L102-18-19T14-19T1007-19-20T218,2022,SVREC,201,1313,NA,NA,NA
2202_3008,3008,19,3,2,8,17,N21520,NA,N17504/N14229,2202,18N147-03-02,20T2159,18A0147-18L144-18-19T199-19T1090-20T2159,2022,SVREC,216,1312,NA,NA,NA
2202_3009,3009,2,3,2,8,18,N20388,NA,B15430/N14229,2202,18B224-01-01,19-20T635,18A0224-18L221-18-19T548-19T1246-19-20T635,2022,SVREC,227,1311,NA,NA,NA
2202_3010,3010,24,3,2,8,19,N21514,NA,N15306/N17504,2202,18N121-09-03,20T2102,18A0121-18L119-18-19T102-19T1049-20T2102,2022,SVREC,242,1310,NA,NA,NA
2202_3011,3011,4,3,3,9,15,N19277,NA,N14229/N14218,2202,17N113-05-R109-02,18-19T1452,17A0113-17L143-18T1903-18-19T1452,2022,SVREC,191,1343,NA,NA,NA
2202_3012,3012,9,3,3,9,16,N19243,NA,N15331/N16405,2202,17N136-01-01,18-19T398,17A0136-17L164-17-18T359-18T1110-18-19T398,2022,SVREC,200,1344,NA,NA,NA
2202_3013,3013,23,3,3,9,17,N21526,NA,N17506/N14229,2202,18N155-07-02,20T2219,18A0155-18L152-18-19T269-19T1127-20T2219,2022,SVREC,217,1345,NA,NA,NA
2202_3014,3014,5,3,3,9,18,N20404,NA,B16505/N17504,2202,18B258-02-02,19-20T808,18A0258-18L254-18-19T755-19T1355-19-20T808,2022,SVREC,226,1346,NA,NA,NA
2202_3015,3015,17,3,3,9,19,I22001,LIBERTY,LIBERTY,2202,Provita 15095,NA,NA,2022,SVREC,243,1347,NA,NA,NA
2202_3016,3016,22,3,4,10,15,N21522,NA,N17504/B15430,2202,18N152-08-04,20T2190,18A0152-18L149-18-19T242-19T1113-20T2190,2022,SVREC,192,1646,NA,NA,NA
2202_3017,3017,3,3,4,10,16,N20395,NA,B16504/N17504,2202,18B245-01-01,19-20T769,18A0245-18L241-18-19T681-19T1318-19-20T769,2022,SVREC,199,1645,NA,NA,NA
2202_3018,3018,1,3,4,10,17,N20401,NA,B16505/N17504,2202,18B258-01-01,19-20T803,18A0258-18L254-18-19T754-19T1354-19-20T803,2022,SVREC,218,1644,NA,NA,NA
2202_3019,3019,6,3,4,10,18,N18105,NA,N13131/N14201,2202,16N107-04-03,17-18T454,16A0107-16L106-16-17T25-17T1013-17-18T454,2022,SVREC,225,1643,NA,NA,NA
2202_3020,3020,18,3,4,10,19,N21525,NA,N17506/N14229,2202,18N155-06-02,20T2214,18A0155-18L152-18-19T268-19T1126-20T2214,2022,SVREC,244,1642,NA,NA,NA
2202_3021,3021,15,3,5,11,15,N11283,ALPENA,"MEDALIST/N08003, ALPENA",2202,09N058 -05-05,NA,NA,2022,SVREC,193,1675,NA,NA,NA
2202_3022,3022,25,3,5,11,16,N21532,NA,B16504/B11519,2202,18B232-03-05,20T2352,18A0232-18L229-18-19T606-19T1278-20T2352,2022,SVREC,198,1676,NA,NA,NA
2202_3023,3023,13,3,5,11,17,N18103,NA,N13120/PR00806-81,2202,16N103-06-03,17-18T440,16A0103-16L102-16-17T13-17T1006-17-18T440,2022,SVREC,219,1677,NA,NA,NA
2202_3024,3024,12,3,5,11,18,N20384,NA,N14229/N17506,2202,18N108-02-03,19-20T432,18A0108-18L163-18-19T299-19T1138-19-20T432,2022,SVREC,224,1678,NA,NA,NA
2202_3025,3025,20,3,5,11,19,N21510,NA,N15306/N14229,2202,18N118-02-02,20T2079,18A0118-18L116-18-19T75-19T1037-20T2079,2022,SVREC,245,1679,NA,NA,NA
2202_3026,3026,16,3,6,12,15,I21920,HMS BOUNTY,HMS BOUNTY,2202,"Provita, 12047",NA,navy,2022,SVREC,194,1978,NA,NA,NA
2202_3027,3027,28,3,6,12,16,N21528,NA,N17506/B15430,2202,18N158-01-02,20T2225,18A0158-18L155-18-19T283-19T1132-20T2225,2022,SVREC,197,1977,NA,NA,NA
2202_3028,3028,27,3,6,12,17,N21524,NA,N17504/B17106,2202,18N153-04-04,20T2196,18A0153-18L150-18-19T248-19T1116-20T2196,2022,SVREC,220,1976,NA,NA,NA
2202_3029,3029,7,3,6,12,18,N19246,NA,N15331/N16405,2202,17N136-01-05,18-19T402,17A0136-17L164-17-18T359-18T1110-18-19T402,2022,SVREC,223,1975,NA,NA,NA
2202_3030,3030,29,3,6,12,19,N21513,NA,N15306/N16405,2202,18N120-03-01,20T2096,18A0120-18L118-18-19T90-19T1044-20T2096,2022,SVREC,246,1974,NA,NA,NA
2202_4001,4001,22,4,1,7,20,N21522,NA,N17504/B15430,2202,18N152-08-04,20T2190,18A0152-18L149-18-19T242-19T1113-20T2190,2022,SVREC,254,1016,NA,NA,NA
2202_4002,4002,14,4,1,7,21,N22639,NA,B19330/B19302,2202,20B289-01-06,21-22T987,20A0289-20L285-20-21T735-21T1445-21-22T987,2022,SVREC,267,1017,NA,NA,NA
2202_4003,4003,5,4,1,7,22,N20404,NA,B16505/N17504,2202,18B258-02-02,19-20T808,18A0258-18L254-18-19T755-19T1355-19-20T808,2022,SVREC,280,1018,NA,NA,NA
2202_4004,4004,21,4,1,7,23,N21511,NA,N15306/N15337,2202,18N119-06-02,20T2083,18A0119-18L117-18-19T87-19T1042-20T2083,2022,SVREC,293,1019,NA,NA,NA
2202_4005,4005,28,4,1,7,24,N21528,NA,N17506/B15430,2202,18N158-01-02,20T2225,18A0158-18L155-18-19T283-19T1132-20T2225,2022,SVREC,306,1020,NA,NA,NA
2202_4006,4006,6,4,2,8,20,N18105,NA,N13131/N14201,2202,16N107-04-03,17-18T454,16A0107-16L106-16-17T25-17T1013-17-18T454,2022,SVREC,253,1309,NA,NA,NA
2202_4007,4007,29,4,2,8,21,N21513,NA,N15306/N16405,2202,18N120-03-01,20T2096,18A0120-18L118-18-19T90-19T1044-20T2096,2022,SVREC,268,1308,NA,NA,NA
2202_4008,4008,30,4,2,8,22,N21503,NA,N14218/N17504,2202,18N102-01-01,20T2015,18A0102-18L102-18-19T9-19T1005-20T2015,2022,SVREC,279,1307,NA,NA,NA
2202_4009,4009,15,4,2,8,23,N11283,ALPENA,"MEDALIST/N08003, ALPENA",2202,09N058 -05-05,NA,NA,2022,SVREC,294,1306,NA,NA,NA
2202_4010,4010,10,4,2,8,24,N20317,NA,N14218/N17504,2202,18N102-06-05,19-20T218,18A0102-18L102-18-19T14-19T1007-19-20T218,2022,SVREC,305,1305,NA,NA,NA
2202_4011,4011,13,4,3,9,20,N18103,NA,N13120/PR00806-81,2202,16N103-06-03,17-18T440,16A0103-16L102-16-17T13-17T1006-17-18T440,2022,SVREC,252,1348,NA,NA,NA
2202_4012,4012,3,4,3,9,21,N20395,NA,B16504/N17504,2202,18B245-01-01,19-20T769,18A0245-18L241-18-19T681-19T1318-19-20T769,2022,SVREC,269,1349,NA,NA,NA
2202_4013,4013,8,4,3,9,22,N19284,NA,G14505/X16708,2202,16G318-07-R109-01,18-19T1462,16A3002-17L302-18T1919-18-19T1462,2022,SVREC,278,1350,NA,NA,NA
2202_4014,4014,27,4,3,9,23,N21524,NA,N17504/B17106,2202,18N153-04-04,20T2196,18A0153-18L150-18-19T248-19T1116-20T2196,2022,SVREC,295,1351,NA,NA,NA
2202_4015,4015,4,4,3,9,24,N19277,NA,N14229/N14218,2202,17N113-05-R109-02,18-19T1452,17A0113-17L143-18T1903-18-19T1452,2022,SVREC,304,1352,NA,NA,NA
2202_4016,4016,11,4,4,10,20,N18122,NA,N15334/N15335,2202,16N153-02-02,17-18T500,16A0153-16L149-16-17T149-17T1077-17-18T500,2022,SVREC,251,1641,NA,NA,NA
2202_4017,4017,24,4,4,10,21,N21514,NA,N15306/N17504,2202,18N121-09-03,20T2102,18A0121-18L119-18-19T102-19T1049-20T2102,2022,SVREC,270,1640,NA,NA,NA
2202_4018,4018,12,4,4,10,22,N20384,NA,N14229/N17506,2202,18N108-02-03,19-20T432,18A0108-18L163-18-19T299-19T1138-19-20T432,2022,SVREC,277,1639,NA,NA,NA
2202_4019,4019,7,4,4,10,23,N19246,NA,N15331/N16405,2202,17N136-01-05,18-19T402,17A0136-17L164-17-18T359-18T1110-18-19T402,2022,SVREC,296,1638,NA,NA,NA
2202_4020,4020,17,4,4,10,24,I22001,LIBERTY,LIBERTY,2202,Provita 15095,NA,NA,2022,SVREC,303,1637,NA,NA,NA
2202_4021,4021,19,4,5,11,20,N21520,NA,N17504/N14229,2202,18N147-03-02,20T2159,18A0147-18L144-18-19T199-19T1090-20T2159,2022,SVREC,250,1680,NA,NA,NA
2202_4022,4022,16,4,5,11,21,I21920,HMS BOUNTY,HMS BOUNTY,2202,"Provita, 12047",NA,navy,2022,SVREC,271,1681,NA,NA,NA
2202_4023,4023,1,4,5,11,22,N20401,NA,B16505/N17504,2202,18B258-01-01,19-20T803,18A0258-18L254-18-19T754-19T1354-19-20T803,2022,SVREC,276,1682,NA,NA,NA
2202_4024,4024,25,4,5,11,23,N21532,NA,B16504/B11519,2202,18B232-03-05,20T2352,18A0232-18L229-18-19T606-19T1278-20T2352,2022,SVREC,297,1683,NA,NA,NA
2202_4025,4025,9,4,5,11,24,N19243,NA,N15331/N16405,2202,17N136-01-01,18-19T398,17A0136-17L164-17-18T359-18T1110-18-19T398,2022,SVREC,302,1684,NA,NA,NA
2202_4026,4026,2,4,6,12,20,N20388,NA,B15430/N14229,2202,18B224-01-01,19-20T635,18A0224-18L221-18-19T548-19T1246-19-20T635,2022,SVREC,249,1973,NA,NA,NA
2202_4027,4027,23,4,6,12,21,N21526,NA,N17506/N14229,2202,18N155-07-02,20T2219,18A0155-18L152-18-19T269-19T1127-20T2219,2022,SVREC,272,1972,NA,NA,NA
2202_4028,4028,18,4,6,12,22,N21525,NA,N17506/N14229,2202,18N155-06-02,20T2214,18A0155-18L152-18-19T268-19T1126-20T2214,2022,SVREC,275,1971,NA,NA,NA
2202_4029,4029,26,4,6,12,23,N21523,NA,N17504/B15430,2202,18N152-08-06,20T2192,18A0152-18L149-18-19T242-19T1113-20T2192,2022,SVREC,298,1970,NA,NA,NA
2202_4030,4030,20,4,6,12,24,N21510,NA,N15306/N14229,2202,18N118-02-02,20T2079,18A0118-18L116-18-19T75-19T1037-20T2079,2022,SVREC,301,1969,NA,NA,NA
